seq_no,epoch,timestamp,ip,temp
1,1591399070,Fri Jun 5 16:17:50 PDT 2020,128.111.45.161,118.400000
2,1591399201,Fri Jun 5 16:20:01 PDT 2020,128.111.45.161,118.400000
3,1591399501,Fri Jun 5 16:25:01 PDT 2020,128.111.45.161,116.600000
4,1591399801,Fri Jun 5 16:30:01 PDT 2020,128.111.45.161,122.000000
5,1591400101,Fri Jun 5 16:35:01 PDT 2020,128.111.45.161,122.000000
6,1591400401,Fri Jun 5 16:40:01 PDT 2020,128.111.45.161,118.400000
7,1591400701,Fri Jun 5 16:45:01 PDT 2020,128.111.45.161,120.200000
8,1591401001,Fri Jun 5 16:50:01 PDT 2020,128.111.45.161,118.400000
9,1591401301,Fri Jun 5 16:55:01 PDT 2020,128.111.45.161,116.600000
10,1591401601,Fri Jun 5 17:00:01 PDT 2020,128.111.45.161,122.000000
11,1591401901,Fri Jun 5 17:05:01 PDT 2020,128.111.45.161,118.400000
12,1591402201,Fri Jun 5 17:10:01 PDT 2020,128.111.45.161,116.600000
13,1591402502,Fri Jun 5 17:15:02 PDT 2020,128.111.45.161,116.600000
14,1591402801,Fri Jun 5 17:20:01 PDT 2020,128.111.45.161,118.400000
15,1591403101,Fri Jun 5 17:25:01 PDT 2020,128.111.45.161,118.400000
16,1591403401,Fri Jun 5 17:30:01 PDT 2020,128.111.45.161,118.400000
17,1591403701,Fri Jun 5 17:35:01 PDT 2020,128.111.45.161,116.600000
18,1591404001,Fri Jun 5 17:40:01 PDT 2020,128.111.45.161,118.400000
19,1591404301,Fri Jun 5 17:45:01 PDT 2020,128.111.45.161,118.400000
20,1591404601,Fri Jun 5 17:50:01 PDT 2020,128.111.45.161,116.600000
21,1591404901,Fri Jun 5 17:55:01 PDT 2020,128.111.45.161,116.600000
22,1591405201,Fri Jun 5 18:00:01 PDT 2020,128.111.45.161,120.200000
23,1591405501,Fri Jun 5 18:05:01 PDT 2020,128.111.45.161,116.600000
24,1591405801,Fri Jun 5 18:10:01 PDT 2020,128.111.45.161,118.400000
25,1591406101,Fri Jun 5 18:15:01 PDT 2020,128.111.45.161,118.400000
26,1591406401,Fri Jun 5 18:20:01 PDT 2020,128.111.45.161,118.400000
27,1591406701,Fri Jun 5 18:25:01 PDT 2020,128.111.45.161,118.400000
28,1591407001,Fri Jun 5 18:30:01 PDT 2020,128.111.45.161,118.400000
29,1591407301,Fri Jun 5 18:35:01 PDT 2020,128.111.45.161,118.400000
30,1591407601,Fri Jun 5 18:40:01 PDT 2020,128.111.45.161,118.400000
31,1591407901,Fri Jun 5 18:45:01 PDT 2020,128.111.45.161,116.600000
32,1591408201,Fri Jun 5 18:50:01 PDT 2020,128.111.45.161,116.600000
33,1591408501,Fri Jun 5 18:55:01 PDT 2020,128.111.45.161,116.600000
34,1591408801,Fri Jun 5 19:00:01 PDT 2020,128.111.45.161,116.600000
35,1591409101,Fri Jun 5 19:05:01 PDT 2020,128.111.45.161,116.600000
36,1591409401,Fri Jun 5 19:10:01 PDT 2020,128.111.45.161,116.600000
37,1591409701,Fri Jun 5 19:15:01 PDT 2020,128.111.45.161,116.600000
38,1591410001,Fri Jun 5 19:20:01 PDT 2020,128.111.45.161,118.400000
39,1591410301,Fri Jun 5 19:25:01 PDT 2020,128.111.45.161,116.600000
40,1591410601,Fri Jun 5 19:30:01 PDT 2020,128.111.45.161,116.600000
41,1591410901,Fri Jun 5 19:35:01 PDT 2020,128.111.45.161,118.400000
42,1591411201,Fri Jun 5 19:40:01 PDT 2020,128.111.45.161,116.600000
43,1591411501,Fri Jun 5 19:45:01 PDT 2020,128.111.45.161,118.400000
44,1591411801,Fri Jun 5 19:50:01 PDT 2020,128.111.45.161,116.600000
45,1591412101,Fri Jun 5 19:55:01 PDT 2020,128.111.45.161,116.600000
46,1591412401,Fri Jun 5 20:00:01 PDT 2020,128.111.45.161,118.400000
47,1591412701,Fri Jun 5 20:05:01 PDT 2020,128.111.45.161,118.400000
48,1591413001,Fri Jun 5 20:10:01 PDT 2020,128.111.45.161,118.400000
49,1591413301,Fri Jun 5 20:15:01 PDT 2020,128.111.45.161,116.600000
50,1591413601,Fri Jun 5 20:20:01 PDT 2020,128.111.45.161,116.600000
51,1591413901,Fri Jun 5 20:25:01 PDT 2020,128.111.45.161,120.200000
52,1591414201,Fri Jun 5 20:30:01 PDT 2020,128.111.45.161,116.600000
53,1591414501,Fri Jun 5 20:35:01 PDT 2020,128.111.45.161,118.400000
54,1591414801,Fri Jun 5 20:40:01 PDT 2020,128.111.45.161,116.600000
55,1591415101,Fri Jun 5 20:45:01 PDT 2020,128.111.45.161,116.600000
56,1591415401,Fri Jun 5 20:50:01 PDT 2020,128.111.45.161,116.600000
57,1591415701,Fri Jun 5 20:55:01 PDT 2020,128.111.45.161,118.400000
58,1591416001,Fri Jun 5 21:00:01 PDT 2020,128.111.45.161,118.400000
59,1591416301,Fri Jun 5 21:05:01 PDT 2020,128.111.45.161,118.400000
60,1591416601,Fri Jun 5 21:10:01 PDT 2020,128.111.45.161,118.400000
61,1591416901,Fri Jun 5 21:15:01 PDT 2020,128.111.45.161,116.600000
62,1591417201,Fri Jun 5 21:20:01 PDT 2020,128.111.45.161,118.400000
63,1591417502,Fri Jun 5 21:25:02 PDT 2020,128.111.45.161,116.600000
64,1591417801,Fri Jun 5 21:30:01 PDT 2020,128.111.45.161,116.600000
65,1591418101,Fri Jun 5 21:35:01 PDT 2020,128.111.45.161,122.000000
66,1591418401,Fri Jun 5 21:40:01 PDT 2020,128.111.45.161,116.600000
67,1591418701,Fri Jun 5 21:45:01 PDT 2020,128.111.45.161,118.400000
68,1591419001,Fri Jun 5 21:50:01 PDT 2020,128.111.45.161,118.400000
69,1591419301,Fri Jun 5 21:55:01 PDT 2020,128.111.45.161,118.400000
70,1591419601,Fri Jun 5 22:00:01 PDT 2020,128.111.45.161,118.400000
71,1591419901,Fri Jun 5 22:05:01 PDT 2020,128.111.45.161,118.400000
72,1591420201,Fri Jun 5 22:10:01 PDT 2020,128.111.45.161,118.400000
73,1591420501,Fri Jun 5 22:15:01 PDT 2020,128.111.45.161,116.600000
74,1591420801,Fri Jun 5 22:20:01 PDT 2020,128.111.45.161,118.400000
75,1591421101,Fri Jun 5 22:25:01 PDT 2020,128.111.45.161,118.400000
76,1591421401,Fri Jun 5 22:30:01 PDT 2020,128.111.45.161,116.600000
77,1591421701,Fri Jun 5 22:35:01 PDT 2020,128.111.45.161,116.600000
78,1591422001,Fri Jun 5 22:40:01 PDT 2020,128.111.45.161,116.600000
79,1591422301,Fri Jun 5 22:45:01 PDT 2020,128.111.45.161,116.600000
80,1591422601,Fri Jun 5 22:50:01 PDT 2020,128.111.45.161,122.000000
81,1591422902,Fri Jun 5 22:55:02 PDT 2020,128.111.45.161,116.600000
82,1591423201,Fri Jun 5 23:00:01 PDT 2020,128.111.45.161,116.600000
83,1591423501,Fri Jun 5 23:05:01 PDT 2020,128.111.45.161,116.600000
84,1591423801,Fri Jun 5 23:10:01 PDT 2020,128.111.45.161,120.200000
85,1591424101,Fri Jun 5 23:15:01 PDT 2020,128.111.45.161,120.200000
86,1591424401,Fri Jun 5 23:20:01 PDT 2020,128.111.45.161,120.200000
87,1591424701,Fri Jun 5 23:25:01 PDT 2020,128.111.45.161,118.400000
88,1591425001,Fri Jun 5 23:30:01 PDT 2020,128.111.45.161,116.600000
89,1591425301,Fri Jun 5 23:35:01 PDT 2020,128.111.45.161,116.600000
90,1591425601,Fri Jun 5 23:40:01 PDT 2020,128.111.45.161,116.600000
91,1591425901,Fri Jun 5 23:45:01 PDT 2020,128.111.45.161,116.600000
92,1591426201,Fri Jun 5 23:50:01 PDT 2020,128.111.45.161,116.600000
93,1591426501,Fri Jun 5 23:55:01 PDT 2020,128.111.45.161,118.400000
94,1591426801,Sat Jun 6 00:00:01 PDT 2020,128.111.45.161,118.400000
95,1591427101,Sat Jun 6 00:05:01 PDT 2020,128.111.45.161,116.600000
96,1591427401,Sat Jun 6 00:10:01 PDT 2020,128.111.45.161,118.400000
97,1591427702,Sat Jun 6 00:15:02 PDT 2020,128.111.45.161,118.400000
98,1591428001,Sat Jun 6 00:20:01 PDT 2020,128.111.45.161,116.600000
99,1591428301,Sat Jun 6 00:25:01 PDT 2020,128.111.45.161,127.400000
100,1591428601,Sat Jun 6 00:30:01 PDT 2020,128.111.45.161,116.600000
101,1591428901,Sat Jun 6 00:35:01 PDT 2020,128.111.45.161,118.400000
102,1591429201,Sat Jun 6 00:40:01 PDT 2020,128.111.45.161,116.600000
103,1591429501,Sat Jun 6 00:45:01 PDT 2020,128.111.45.161,118.400000
104,1591429801,Sat Jun 6 00:50:01 PDT 2020,128.111.45.161,116.600000
105,1591430101,Sat Jun 6 00:55:01 PDT 2020,128.111.45.161,116.600000
106,1591430401,Sat Jun 6 01:00:01 PDT 2020,128.111.45.161,116.600000
107,1591430701,Sat Jun 6 01:05:01 PDT 2020,128.111.45.161,120.200000
108,1591431001,Sat Jun 6 01:10:01 PDT 2020,128.111.45.161,120.200000
109,1591431301,Sat Jun 6 01:15:01 PDT 2020,128.111.45.161,116.600000
110,1591431601,Sat Jun 6 01:20:01 PDT 2020,128.111.45.161,116.600000
111,1591431901,Sat Jun 6 01:25:01 PDT 2020,128.111.45.161,118.400000
112,1591432201,Sat Jun 6 01:30:01 PDT 2020,128.111.45.161,129.200000
113,1591432501,Sat Jun 6 01:35:01 PDT 2020,128.111.45.161,116.600000
114,1591432801,Sat Jun 6 01:40:01 PDT 2020,128.111.45.161,118.400000
115,1591433101,Sat Jun 6 01:45:01 PDT 2020,128.111.45.161,116.600000
116,1591433402,Sat Jun 6 01:50:02 PDT 2020,128.111.45.161,116.600000
117,1591433701,Sat Jun 6 01:55:01 PDT 2020,128.111.45.161,116.600000
118,1591434001,Sat Jun 6 02:00:01 PDT 2020,128.111.45.161,118.400000
119,1591434301,Sat Jun 6 02:05:01 PDT 2020,128.111.45.161,118.400000
120,1591434601,Sat Jun 6 02:10:01 PDT 2020,128.111.45.161,118.400000
121,1591434901,Sat Jun 6 02:15:01 PDT 2020,128.111.45.161,118.400000
122,1591435201,Sat Jun 6 02:20:01 PDT 2020,128.111.45.161,116.600000
123,1591435501,Sat Jun 6 02:25:01 PDT 2020,128.111.45.161,118.400000
124,1591435801,Sat Jun 6 02:30:01 PDT 2020,128.111.45.161,118.400000
125,1591436101,Sat Jun 6 02:35:01 PDT 2020,128.111.45.161,118.400000
126,1591436401,Sat Jun 6 02:40:01 PDT 2020,128.111.45.161,118.400000
127,1591436701,Sat Jun 6 02:45:01 PDT 2020,128.111.45.161,120.200000
128,1591437001,Sat Jun 6 02:50:01 PDT 2020,128.111.45.161,118.400000
129,1591437301,Sat Jun 6 02:55:01 PDT 2020,128.111.45.161,120.200000
130,1591437601,Sat Jun 6 03:00:01 PDT 2020,128.111.45.161,116.600000
131,1591437901,Sat Jun 6 03:05:01 PDT 2020,128.111.45.161,118.400000
132,1591438201,Sat Jun 6 03:10:01 PDT 2020,128.111.45.161,116.600000
133,1591438502,Sat Jun 6 03:15:02 PDT 2020,128.111.45.161,116.600000
134,1591438801,Sat Jun 6 03:20:01 PDT 2020,128.111.45.161,118.400000
135,1591439101,Sat Jun 6 03:25:01 PDT 2020,128.111.45.161,116.600000
136,1591439401,Sat Jun 6 03:30:01 PDT 2020,128.111.45.161,118.400000
137,1591439701,Sat Jun 6 03:35:01 PDT 2020,128.111.45.161,116.600000
138,1591440001,Sat Jun 6 03:40:01 PDT 2020,128.111.45.161,116.600000
139,1591440301,Sat Jun 6 03:45:01 PDT 2020,128.111.45.161,116.600000
140,1591440601,Sat Jun 6 03:50:01 PDT 2020,128.111.45.161,122.000000
141,1591440901,Sat Jun 6 03:55:01 PDT 2020,128.111.45.161,116.600000
142,1591441201,Sat Jun 6 04:00:01 PDT 2020,128.111.45.161,118.400000
143,1591441501,Sat Jun 6 04:05:01 PDT 2020,128.111.45.161,116.600000
144,1591441801,Sat Jun 6 04:10:01 PDT 2020,128.111.45.161,116.600000
145,1591442101,Sat Jun 6 04:15:01 PDT 2020,128.111.45.161,116.600000
146,1591442401,Sat Jun 6 04:20:01 PDT 2020,128.111.45.161,118.400000
147,1591442701,Sat Jun 6 04:25:01 PDT 2020,128.111.45.161,116.600000
148,1591443002,Sat Jun 6 04:30:02 PDT 2020,128.111.45.161,116.600000
149,1591443301,Sat Jun 6 04:35:01 PDT 2020,128.111.45.161,116.600000
150,1591443601,Sat Jun 6 04:40:01 PDT 2020,128.111.45.161,114.800000
151,1591443901,Sat Jun 6 04:45:01 PDT 2020,128.111.45.161,116.600000
152,1591444201,Sat Jun 6 04:50:01 PDT 2020,128.111.45.161,116.600000
153,1591444501,Sat Jun 6 04:55:01 PDT 2020,128.111.45.161,116.600000
154,1591444801,Sat Jun 6 05:00:01 PDT 2020,128.111.45.161,116.600000
155,1591445101,Sat Jun 6 05:05:01 PDT 2020,128.111.45.161,116.600000
156,1591445401,Sat Jun 6 05:10:01 PDT 2020,128.111.45.161,127.400000
157,1591445701,Sat Jun 6 05:15:01 PDT 2020,128.111.45.161,116.600000
158,1591446001,Sat Jun 6 05:20:01 PDT 2020,128.111.45.161,116.600000
159,1591446301,Sat Jun 6 05:25:01 PDT 2020,128.111.45.161,116.600000
160,1591446601,Sat Jun 6 05:30:01 PDT 2020,128.111.45.161,116.600000
161,1591446901,Sat Jun 6 05:35:01 PDT 2020,128.111.45.161,116.600000
162,1591447201,Sat Jun 6 05:40:01 PDT 2020,128.111.45.161,116.600000
163,1591447501,Sat Jun 6 05:45:01 PDT 2020,128.111.45.161,116.600000
164,1591447801,Sat Jun 6 05:50:01 PDT 2020,128.111.45.161,114.800000
165,1591448101,Sat Jun 6 05:55:01 PDT 2020,128.111.45.161,116.600000
166,1591448401,Sat Jun 6 06:00:01 PDT 2020,128.111.45.161,116.600000
167,1591448701,Sat Jun 6 06:05:01 PDT 2020,128.111.45.161,114.800000
168,1591449001,Sat Jun 6 06:10:01 PDT 2020,128.111.45.161,114.800000
169,1591449301,Sat Jun 6 06:15:01 PDT 2020,128.111.45.161,116.600000
170,1591449601,Sat Jun 6 06:20:01 PDT 2020,128.111.45.161,116.600000
171,1591449901,Sat Jun 6 06:25:01 PDT 2020,128.111.45.161,143.600000
172,1591450201,Sat Jun 6 06:30:01 PDT 2020,128.111.45.161,116.600000
173,1591450501,Sat Jun 6 06:35:01 PDT 2020,128.111.45.161,118.400000
174,1591450801,Sat Jun 6 06:40:01 PDT 2020,128.111.45.161,116.600000
175,1591451101,Sat Jun 6 06:45:01 PDT 2020,128.111.45.161,116.600000
176,1591451401,Sat Jun 6 06:50:01 PDT 2020,128.111.45.161,116.600000
177,1591451701,Sat Jun 6 06:55:01 PDT 2020,128.111.45.161,116.600000
178,1591452001,Sat Jun 6 07:00:01 PDT 2020,128.111.45.161,116.600000
179,1591452301,Sat Jun 6 07:05:01 PDT 2020,128.111.45.161,116.600000
180,1591452601,Sat Jun 6 07:10:01 PDT 2020,128.111.45.161,116.600000
181,1591452902,Sat Jun 6 07:15:02 PDT 2020,128.111.45.161,116.600000
182,1591453201,Sat Jun 6 07:20:01 PDT 2020,128.111.45.161,114.800000
183,1591453501,Sat Jun 6 07:25:01 PDT 2020,128.111.45.161,114.800000
184,1591453801,Sat Jun 6 07:30:01 PDT 2020,128.111.45.161,120.200000
185,1591454101,Sat Jun 6 07:35:01 PDT 2020,128.111.45.161,118.400000
186,1591454401,Sat Jun 6 07:40:01 PDT 2020,128.111.45.161,116.600000
187,1591454701,Sat Jun 6 07:45:01 PDT 2020,128.111.45.161,116.600000
188,1591455001,Sat Jun 6 07:50:01 PDT 2020,128.111.45.161,116.600000
189,1591455301,Sat Jun 6 07:55:01 PDT 2020,128.111.45.161,116.600000
190,1591455601,Sat Jun 6 08:00:01 PDT 2020,128.111.45.161,116.600000
191,1591455901,Sat Jun 6 08:05:01 PDT 2020,128.111.45.161,118.400000
192,1591456201,Sat Jun 6 08:10:01 PDT 2020,128.111.45.161,116.600000
193,1591456501,Sat Jun 6 08:15:01 PDT 2020,128.111.45.161,118.400000
194,1591456801,Sat Jun 6 08:20:01 PDT 2020,128.111.45.161,116.600000
195,1591457101,Sat Jun 6 08:25:01 PDT 2020,128.111.45.161,118.400000
196,1591457401,Sat Jun 6 08:30:01 PDT 2020,128.111.45.161,116.600000
197,1591457701,Sat Jun 6 08:35:01 PDT 2020,128.111.45.161,116.600000
198,1591458002,Sat Jun 6 08:40:02 PDT 2020,128.111.45.161,123.800000
199,1591458301,Sat Jun 6 08:45:01 PDT 2020,128.111.45.161,114.800000
200,1591458601,Sat Jun 6 08:50:01 PDT 2020,128.111.45.161,116.600000
201,1591458901,Sat Jun 6 08:55:01 PDT 2020,128.111.45.161,116.600000
202,1591459201,Sat Jun 6 09:00:01 PDT 2020,128.111.45.161,116.600000
203,1591459501,Sat Jun 6 09:05:01 PDT 2020,128.111.45.161,114.800000
204,1591459801,Sat Jun 6 09:10:01 PDT 2020,128.111.45.161,116.600000
205,1591460101,Sat Jun 6 09:15:01 PDT 2020,128.111.45.161,116.600000
206,1591460401,Sat Jun 6 09:20:01 PDT 2020,128.111.45.161,116.600000
207,1591460701,Sat Jun 6 09:25:01 PDT 2020,128.111.45.161,116.600000
208,1591461001,Sat Jun 6 09:30:01 PDT 2020,128.111.45.161,116.600000
209,1591461301,Sat Jun 6 09:35:01 PDT 2020,128.111.45.161,116.600000
210,1591461601,Sat Jun 6 09:40:01 PDT 2020,128.111.45.161,114.800000
211,1591461901,Sat Jun 6 09:45:01 PDT 2020,128.111.45.161,116.600000
212,1591462201,Sat Jun 6 09:50:01 PDT 2020,128.111.45.161,114.800000
213,1591462501,Sat Jun 6 09:55:01 PDT 2020,128.111.45.161,118.400000
214,1591462801,Sat Jun 6 10:00:01 PDT 2020,128.111.45.161,116.600000
215,1591463102,Sat Jun 6 10:05:02 PDT 2020,128.111.45.161,114.800000
216,1591463401,Sat Jun 6 10:10:01 PDT 2020,128.111.45.161,116.600000
217,1591463701,Sat Jun 6 10:15:01 PDT 2020,128.111.45.161,118.400000
218,1591464001,Sat Jun 6 10:20:01 PDT 2020,128.111.45.161,116.600000
219,1591464301,Sat Jun 6 10:25:01 PDT 2020,128.111.45.161,116.600000
220,1591464601,Sat Jun 6 10:30:01 PDT 2020,128.111.45.161,114.800000
221,1591464901,Sat Jun 6 10:35:01 PDT 2020,128.111.45.161,116.600000
222,1591465201,Sat Jun 6 10:40:01 PDT 2020,128.111.45.161,118.400000
223,1591465501,Sat Jun 6 10:45:01 PDT 2020,128.111.45.161,118.400000
224,1591465801,Sat Jun 6 10:50:01 PDT 2020,128.111.45.161,114.800000
225,1591466101,Sat Jun 6 10:55:01 PDT 2020,128.111.45.161,116.600000
226,1591466401,Sat Jun 6 11:00:01 PDT 2020,128.111.45.161,122.000000
227,1591466701,Sat Jun 6 11:05:01 PDT 2020,128.111.45.161,116.600000
228,1591467001,Sat Jun 6 11:10:01 PDT 2020,128.111.45.161,120.200000
229,1591467301,Sat Jun 6 11:15:01 PDT 2020,128.111.45.161,116.600000
230,1591467601,Sat Jun 6 11:20:01 PDT 2020,128.111.45.161,118.400000
231,1591467901,Sat Jun 6 11:25:01 PDT 2020,128.111.45.161,114.800000
232,1591468201,Sat Jun 6 11:30:01 PDT 2020,128.111.45.161,116.600000
233,1591468501,Sat Jun 6 11:35:01 PDT 2020,128.111.45.161,116.600000
234,1591468802,Sat Jun 6 11:40:02 PDT 2020,128.111.45.161,116.600000
235,1591469101,Sat Jun 6 11:45:01 PDT 2020,128.111.45.161,116.600000
236,1591469401,Sat Jun 6 11:50:01 PDT 2020,128.111.45.161,120.200000
237,1591469701,Sat Jun 6 11:55:01 PDT 2020,128.111.45.161,116.600000
238,1591470001,Sat Jun 6 12:00:01 PDT 2020,128.111.45.161,116.600000
239,1591470301,Sat Jun 6 12:05:01 PDT 2020,128.111.45.161,116.600000
240,1591470601,Sat Jun 6 12:10:01 PDT 2020,128.111.45.161,118.400000
241,1591470901,Sat Jun 6 12:15:01 PDT 2020,128.111.45.161,116.600000
242,1591471201,Sat Jun 6 12:20:01 PDT 2020,128.111.45.161,114.800000
243,1591471501,Sat Jun 6 12:25:01 PDT 2020,128.111.45.161,122.000000
244,1591471801,Sat Jun 6 12:30:01 PDT 2020,128.111.45.161,116.600000
245,1591472101,Sat Jun 6 12:35:01 PDT 2020,128.111.45.161,116.600000
246,1591472401,Sat Jun 6 12:40:01 PDT 2020,128.111.45.161,116.600000
247,1591472701,Sat Jun 6 12:45:01 PDT 2020,128.111.45.161,116.600000
248,1591473001,Sat Jun 6 12:50:01 PDT 2020,128.111.45.161,116.600000
249,1591473301,Sat Jun 6 12:55:01 PDT 2020,128.111.45.161,118.400000
250,1591473601,Sat Jun 6 13:00:01 PDT 2020,128.111.45.161,116.600000
251,1591473902,Sat Jun 6 13:05:02 PDT 2020,128.111.45.161,116.600000
252,1591474201,Sat Jun 6 13:10:01 PDT 2020,128.111.45.161,116.600000
253,1591474501,Sat Jun 6 13:15:01 PDT 2020,128.111.45.161,116.600000
254,1591474801,Sat Jun 6 13:20:01 PDT 2020,128.111.45.161,118.400000
255,1591475101,Sat Jun 6 13:25:01 PDT 2020,128.111.45.161,116.600000
256,1591475401,Sat Jun 6 13:30:01 PDT 2020,128.111.45.161,116.600000
257,1591475701,Sat Jun 6 13:35:01 PDT 2020,128.111.45.161,116.600000
258,1591476001,Sat Jun 6 13:40:01 PDT 2020,128.111.45.161,129.200000
259,1591476301,Sat Jun 6 13:45:01 PDT 2020,128.111.45.161,120.200000
260,1591476601,Sat Jun 6 13:50:01 PDT 2020,128.111.45.161,116.600000
261,1591476901,Sat Jun 6 13:55:01 PDT 2020,128.111.45.161,116.600000
262,1591477201,Sat Jun 6 14:00:01 PDT 2020,128.111.45.161,116.600000
263,1591477501,Sat Jun 6 14:05:01 PDT 2020,128.111.45.161,116.600000
264,1591477801,Sat Jun 6 14:10:01 PDT 2020,128.111.45.161,118.400000
265,1591478101,Sat Jun 6 14:15:01 PDT 2020,128.111.45.161,116.600000
266,1591478401,Sat Jun 6 14:20:01 PDT 2020,128.111.45.161,118.400000
267,1591478701,Sat Jun 6 14:25:01 PDT 2020,128.111.45.161,120.200000
268,1591479002,Sat Jun 6 14:30:02 PDT 2020,128.111.45.161,118.400000
269,1591479301,Sat Jun 6 14:35:01 PDT 2020,128.111.45.161,116.600000
270,1591479601,Sat Jun 6 14:40:01 PDT 2020,128.111.45.161,116.600000
271,1591479901,Sat Jun 6 14:45:01 PDT 2020,128.111.45.161,116.600000
272,1591480201,Sat Jun 6 14:50:01 PDT 2020,128.111.45.161,120.200000
273,1591480501,Sat Jun 6 14:55:01 PDT 2020,128.111.45.161,116.600000
274,1591480801,Sat Jun 6 15:00:01 PDT 2020,128.111.45.161,118.400000
275,1591481101,Sat Jun 6 15:05:01 PDT 2020,128.111.45.161,116.600000
276,1591481401,Sat Jun 6 15:10:01 PDT 2020,128.111.45.161,116.600000
277,1591481701,Sat Jun 6 15:15:01 PDT 2020,128.111.45.161,116.600000
278,1591482001,Sat Jun 6 15:20:01 PDT 2020,128.111.45.161,116.600000
279,1591482301,Sat Jun 6 15:25:01 PDT 2020,128.111.45.161,116.600000
280,1591482601,Sat Jun 6 15:30:01 PDT 2020,128.111.45.161,116.600000
281,1591482901,Sat Jun 6 15:35:01 PDT 2020,128.111.45.161,116.600000
282,1591483201,Sat Jun 6 15:40:01 PDT 2020,128.111.45.161,118.400000
283,1591483501,Sat Jun 6 15:45:01 PDT 2020,128.111.45.161,120.200000
284,1591483801,Sat Jun 6 15:50:01 PDT 2020,128.111.45.161,118.400000
285,1591484101,Sat Jun 6 15:55:01 PDT 2020,128.111.45.161,116.600000
286,1591484401,Sat Jun 6 16:00:01 PDT 2020,128.111.45.161,116.600000
287,1591484701,Sat Jun 6 16:05:01 PDT 2020,128.111.45.161,116.600000
288,1591485001,Sat Jun 6 16:10:01 PDT 2020,128.111.45.161,118.400000
289,1591485301,Sat Jun 6 16:15:01 PDT 2020,128.111.45.161,114.800000
290,1591485601,Sat Jun 6 16:20:01 PDT 2020,128.111.45.161,116.600000
291,1591485901,Sat Jun 6 16:25:01 PDT 2020,128.111.45.161,116.600000
292,1591486201,Sat Jun 6 16:30:01 PDT 2020,128.111.45.161,123.800000
293,1591486501,Sat Jun 6 16:35:01 PDT 2020,128.111.45.161,116.600000
294,1591486801,Sat Jun 6 16:40:01 PDT 2020,128.111.45.161,116.600000
295,1591487101,Sat Jun 6 16:45:01 PDT 2020,128.111.45.161,116.600000
296,1591487401,Sat Jun 6 16:50:01 PDT 2020,128.111.45.161,116.600000
297,1591487701,Sat Jun 6 16:55:01 PDT 2020,128.111.45.161,116.600000
298,1591488001,Sat Jun 6 17:00:01 PDT 2020,128.111.45.161,116.600000
299,1591488301,Sat Jun 6 17:05:01 PDT 2020,128.111.45.161,116.600000
300,1591488601,Sat Jun 6 17:10:01 PDT 2020,128.111.45.161,116.600000
301,1591488901,Sat Jun 6 17:15:01 PDT 2020,128.111.45.161,120.200000
302,1591489201,Sat Jun 6 17:20:01 PDT 2020,128.111.45.161,118.400000
303,1591489501,Sat Jun 6 17:25:01 PDT 2020,128.111.45.161,116.600000
304,1591489801,Sat Jun 6 17:30:01 PDT 2020,128.111.45.161,120.200000
305,1591490101,Sat Jun 6 17:35:01 PDT 2020,128.111.45.161,116.600000
306,1591490401,Sat Jun 6 17:40:01 PDT 2020,128.111.45.161,118.400000
307,1591490701,Sat Jun 6 17:45:01 PDT 2020,128.111.45.161,116.600000
308,1591491001,Sat Jun 6 17:50:01 PDT 2020,128.111.45.161,116.600000
309,1591491301,Sat Jun 6 17:55:01 PDT 2020,128.111.45.161,116.600000
310,1591491601,Sat Jun 6 18:00:01 PDT 2020,128.111.45.161,116.600000
311,1591491901,Sat Jun 6 18:05:01 PDT 2020,128.111.45.161,120.200000
312,1591492201,Sat Jun 6 18:10:01 PDT 2020,128.111.45.161,118.400000
313,1591492501,Sat Jun 6 18:15:01 PDT 2020,128.111.45.161,116.600000
314,1591492801,Sat Jun 6 18:20:01 PDT 2020,128.111.45.161,118.400000
315,1591493102,Sat Jun 6 18:25:02 PDT 2020,128.111.45.161,118.400000
316,1591493401,Sat Jun 6 18:30:01 PDT 2020,128.111.45.161,118.400000
317,1591493701,Sat Jun 6 18:35:01 PDT 2020,128.111.45.161,116.600000
318,1591494001,Sat Jun 6 18:40:01 PDT 2020,128.111.45.161,118.400000
319,1591494301,Sat Jun 6 18:45:01 PDT 2020,128.111.45.161,118.400000
320,1591494601,Sat Jun 6 18:50:01 PDT 2020,128.111.45.161,118.400000
321,1591494901,Sat Jun 6 18:55:01 PDT 2020,128.111.45.161,118.400000
322,1591495201,Sat Jun 6 19:00:01 PDT 2020,128.111.45.161,116.600000
323,1591495501,Sat Jun 6 19:05:01 PDT 2020,128.111.45.161,116.600000
324,1591495801,Sat Jun 6 19:10:01 PDT 2020,128.111.45.161,116.600000
325,1591496101,Sat Jun 6 19:15:01 PDT 2020,128.111.45.161,120.200000
326,1591496401,Sat Jun 6 19:20:01 PDT 2020,128.111.45.161,116.600000
327,1591496701,Sat Jun 6 19:25:01 PDT 2020,128.111.45.161,120.200000
328,1591497001,Sat Jun 6 19:30:01 PDT 2020,128.111.45.161,120.200000
329,1591497301,Sat Jun 6 19:35:01 PDT 2020,128.111.45.161,118.400000
330,1591497601,Sat Jun 6 19:40:01 PDT 2020,128.111.45.161,122.000000
331,1591497902,Sat Jun 6 19:45:02 PDT 2020,128.111.45.161,116.600000
332,1591498201,Sat Jun 6 19:50:01 PDT 2020,128.111.45.161,116.600000
333,1591498501,Sat Jun 6 19:55:01 PDT 2020,128.111.45.161,116.600000
334,1591498801,Sat Jun 6 20:00:01 PDT 2020,128.111.45.161,116.600000
335,1591499101,Sat Jun 6 20:05:01 PDT 2020,128.111.45.161,118.400000
336,1591499401,Sat Jun 6 20:10:01 PDT 2020,128.111.45.161,120.200000
337,1591499701,Sat Jun 6 20:15:01 PDT 2020,128.111.45.161,116.600000
338,1591500001,Sat Jun 6 20:20:01 PDT 2020,128.111.45.161,116.600000
339,1591500301,Sat Jun 6 20:25:01 PDT 2020,128.111.45.161,120.200000
340,1591500601,Sat Jun 6 20:30:01 PDT 2020,128.111.45.161,116.600000
341,1591500901,Sat Jun 6 20:35:01 PDT 2020,128.111.45.161,116.600000
342,1591501201,Sat Jun 6 20:40:01 PDT 2020,128.111.45.161,122.000000
343,1591501501,Sat Jun 6 20:45:01 PDT 2020,128.111.45.161,132.800000
344,1591501801,Sat Jun 6 20:50:01 PDT 2020,128.111.45.161,122.000000
345,1591502101,Sat Jun 6 20:55:01 PDT 2020,128.111.45.161,116.600000
346,1591502401,Sat Jun 6 21:00:01 PDT 2020,128.111.45.161,118.400000
347,1591502701,Sat Jun 6 21:05:01 PDT 2020,128.111.45.161,118.400000
348,1591503001,Sat Jun 6 21:10:01 PDT 2020,128.111.45.161,118.400000
349,1591503301,Sat Jun 6 21:15:01 PDT 2020,128.111.45.161,116.600000
350,1591503601,Sat Jun 6 21:20:01 PDT 2020,128.111.45.161,116.600000
351,1591503901,Sat Jun 6 21:25:01 PDT 2020,128.111.45.161,118.400000
352,1591504201,Sat Jun 6 21:30:01 PDT 2020,128.111.45.161,118.400000
353,1591504501,Sat Jun 6 21:35:01 PDT 2020,128.111.45.161,120.200000
354,1591504801,Sat Jun 6 21:40:01 PDT 2020,128.111.45.161,116.600000
355,1591505101,Sat Jun 6 21:45:01 PDT 2020,128.111.45.161,116.600000
356,1591505401,Sat Jun 6 21:50:01 PDT 2020,128.111.45.161,116.600000
357,1591505701,Sat Jun 6 21:55:01 PDT 2020,128.111.45.161,116.600000
358,1591506001,Sat Jun 6 22:00:01 PDT 2020,128.111.45.161,118.400000
359,1591506301,Sat Jun 6 22:05:01 PDT 2020,128.111.45.161,120.200000
360,1591506601,Sat Jun 6 22:10:01 PDT 2020,128.111.45.161,118.400000
361,1591506901,Sat Jun 6 22:15:01 PDT 2020,128.111.45.161,116.600000
362,1591507201,Sat Jun 6 22:20:01 PDT 2020,128.111.45.161,118.400000
363,1591507501,Sat Jun 6 22:25:01 PDT 2020,128.111.45.161,120.200000
364,1591507801,Sat Jun 6 22:30:01 PDT 2020,128.111.45.161,116.600000
365,1591508101,Sat Jun 6 22:35:01 PDT 2020,128.111.45.161,116.600000
366,1591508401,Sat Jun 6 22:40:01 PDT 2020,128.111.45.161,116.600000
367,1591508702,Sat Jun 6 22:45:02 PDT 2020,128.111.45.161,116.600000
368,1591509001,Sat Jun 6 22:50:01 PDT 2020,128.111.45.161,116.600000
369,1591509301,Sat Jun 6 22:55:01 PDT 2020,128.111.45.161,116.600000
370,1591509601,Sat Jun 6 23:00:01 PDT 2020,128.111.45.161,118.400000
371,1591509901,Sat Jun 6 23:05:01 PDT 2020,128.111.45.161,118.400000
372,1591510201,Sat Jun 6 23:10:01 PDT 2020,128.111.45.161,129.200000
373,1591510501,Sat Jun 6 23:15:01 PDT 2020,128.111.45.161,122.000000
374,1591510801,Sat Jun 6 23:20:01 PDT 2020,128.111.45.161,118.400000
375,1591511101,Sat Jun 6 23:25:01 PDT 2020,128.111.45.161,116.600000
376,1591511401,Sat Jun 6 23:30:01 PDT 2020,128.111.45.161,116.600000
377,1591511701,Sat Jun 6 23:35:01 PDT 2020,128.111.45.161,116.600000
378,1591512001,Sat Jun 6 23:40:01 PDT 2020,128.111.45.161,116.600000
379,1591512301,Sat Jun 6 23:45:01 PDT 2020,128.111.45.161,118.400000
380,1591512601,Sat Jun 6 23:50:01 PDT 2020,128.111.45.161,116.600000
381,1591512901,Sat Jun 6 23:55:01 PDT 2020,128.111.45.161,116.600000
382,1591513201,Sun Jun 7 00:00:01 PDT 2020,128.111.45.161,118.400000
383,1591513501,Sun Jun 7 00:05:01 PDT 2020,128.111.45.161,116.600000
384,1591513801,Sun Jun 7 00:10:01 PDT 2020,128.111.45.161,116.600000
385,1591514101,Sun Jun 7 00:15:01 PDT 2020,128.111.45.161,118.400000
386,1591514401,Sun Jun 7 00:20:01 PDT 2020,128.111.45.161,116.600000
387,1591514701,Sun Jun 7 00:25:01 PDT 2020,128.111.45.161,116.600000
388,1591515001,Sun Jun 7 00:30:01 PDT 2020,128.111.45.161,122.000000
389,1591515301,Sun Jun 7 00:35:01 PDT 2020,128.111.45.161,116.600000
390,1591515601,Sun Jun 7 00:40:01 PDT 2020,128.111.45.161,118.400000
391,1591515901,Sun Jun 7 00:45:01 PDT 2020,128.111.45.161,118.400000
392,1591516201,Sun Jun 7 00:50:01 PDT 2020,128.111.45.161,116.600000
393,1591516501,Sun Jun 7 00:55:01 PDT 2020,128.111.45.161,116.600000
394,1591516801,Sun Jun 7 01:00:01 PDT 2020,128.111.45.161,118.400000
395,1591517101,Sun Jun 7 01:05:01 PDT 2020,128.111.45.161,118.400000
396,1591517401,Sun Jun 7 01:10:01 PDT 2020,128.111.45.161,118.400000
397,1591517701,Sun Jun 7 01:15:01 PDT 2020,128.111.45.161,118.400000
398,1591518001,Sun Jun 7 01:20:01 PDT 2020,128.111.45.161,118.400000
399,1591518301,Sun Jun 7 01:25:01 PDT 2020,128.111.45.161,116.600000
400,1591518601,Sun Jun 7 01:30:01 PDT 2020,128.111.45.161,120.200000
401,1591518902,Sun Jun 7 01:35:02 PDT 2020,128.111.45.161,116.600000
402,1591519201,Sun Jun 7 01:40:01 PDT 2020,128.111.45.161,118.400000
403,1591519501,Sun Jun 7 01:45:01 PDT 2020,128.111.45.161,116.600000
404,1591519801,Sun Jun 7 01:50:01 PDT 2020,128.111.45.161,116.600000
405,1591520101,Sun Jun 7 01:55:01 PDT 2020,128.111.45.161,118.400000
406,1591520401,Sun Jun 7 02:00:01 PDT 2020,128.111.45.161,118.400000
407,1591520701,Sun Jun 7 02:05:01 PDT 2020,128.111.45.161,116.600000
408,1591521001,Sun Jun 7 02:10:01 PDT 2020,128.111.45.161,116.600000
409,1591521301,Sun Jun 7 02:15:01 PDT 2020,128.111.45.161,116.600000
410,1591521601,Sun Jun 7 02:20:01 PDT 2020,128.111.45.161,116.600000
411,1591521901,Sun Jun 7 02:25:01 PDT 2020,128.111.45.161,120.200000
412,1591522201,Sun Jun 7 02:30:01 PDT 2020,128.111.45.161,118.400000
413,1591522501,Sun Jun 7 02:35:01 PDT 2020,128.111.45.161,120.200000
414,1591522801,Sun Jun 7 02:40:01 PDT 2020,128.111.45.161,118.400000
415,1591523101,Sun Jun 7 02:45:01 PDT 2020,128.111.45.161,120.200000
416,1591523401,Sun Jun 7 02:50:01 PDT 2020,128.111.45.161,120.200000
417,1591523701,Sun Jun 7 02:55:01 PDT 2020,128.111.45.161,118.400000
418,1591524001,Sun Jun 7 03:00:01 PDT 2020,128.111.45.161,118.400000
419,1591524302,Sun Jun 7 03:05:02 PDT 2020,128.111.45.161,120.200000
420,1591524601,Sun Jun 7 03:10:01 PDT 2020,128.111.45.161,118.400000
421,1591524901,Sun Jun 7 03:15:01 PDT 2020,128.111.45.161,116.600000
422,1591525201,Sun Jun 7 03:20:01 PDT 2020,128.111.45.161,116.600000
423,1591525501,Sun Jun 7 03:25:01 PDT 2020,128.111.45.161,116.600000
424,1591525801,Sun Jun 7 03:30:01 PDT 2020,128.111.45.161,122.000000
425,1591526101,Sun Jun 7 03:35:01 PDT 2020,128.111.45.161,116.600000
426,1591526401,Sun Jun 7 03:40:01 PDT 2020,128.111.45.161,118.400000
427,1591526701,Sun Jun 7 03:45:01 PDT 2020,128.111.45.161,116.600000
428,1591527001,Sun Jun 7 03:50:01 PDT 2020,128.111.45.161,123.800000
429,1591527301,Sun Jun 7 03:55:01 PDT 2020,128.111.45.161,116.600000
430,1591527601,Sun Jun 7 04:00:01 PDT 2020,128.111.45.161,120.200000
431,1591527901,Sun Jun 7 04:05:01 PDT 2020,128.111.45.161,118.400000
432,1591528201,Sun Jun 7 04:10:01 PDT 2020,128.111.45.161,118.400000
433,1591528501,Sun Jun 7 04:15:01 PDT 2020,128.111.45.161,118.400000
434,1591528801,Sun Jun 7 04:20:01 PDT 2020,128.111.45.161,120.200000
435,1591529102,Sun Jun 7 04:25:02 PDT 2020,128.111.45.161,118.400000
436,1591529401,Sun Jun 7 04:30:01 PDT 2020,128.111.45.161,116.600000
437,1591529701,Sun Jun 7 04:35:01 PDT 2020,128.111.45.161,116.600000
438,1591530001,Sun Jun 7 04:40:01 PDT 2020,128.111.45.161,118.400000
439,1591530301,Sun Jun 7 04:45:01 PDT 2020,128.111.45.161,116.600000
440,1591530601,Sun Jun 7 04:50:01 PDT 2020,128.111.45.161,118.400000
441,1591530901,Sun Jun 7 04:55:01 PDT 2020,128.111.45.161,116.600000
442,1591531201,Sun Jun 7 05:00:01 PDT 2020,128.111.45.161,116.600000
443,1591531501,Sun Jun 7 05:05:01 PDT 2020,128.111.45.161,116.600000
444,1591531801,Sun Jun 7 05:10:01 PDT 2020,128.111.45.161,116.600000
445,1591532101,Sun Jun 7 05:15:01 PDT 2020,128.111.45.161,116.600000
446,1591532401,Sun Jun 7 05:20:01 PDT 2020,128.111.45.161,116.600000
447,1591532701,Sun Jun 7 05:25:01 PDT 2020,128.111.45.161,118.400000
448,1591533001,Sun Jun 7 05:30:01 PDT 2020,128.111.45.161,116.600000
449,1591533301,Sun Jun 7 05:35:01 PDT 2020,128.111.45.161,116.600000
450,1591533602,Sun Jun 7 05:40:02 PDT 2020,128.111.45.161,116.600000
451,1591533901,Sun Jun 7 05:45:01 PDT 2020,128.111.45.161,116.600000
452,1591534201,Sun Jun 7 05:50:01 PDT 2020,128.111.45.161,116.600000
453,1591534501,Sun Jun 7 05:55:01 PDT 2020,128.111.45.161,116.600000
454,1591534801,Sun Jun 7 06:00:01 PDT 2020,128.111.45.161,116.600000
455,1591535101,Sun Jun 7 06:05:01 PDT 2020,128.111.45.161,114.800000
456,1591535401,Sun Jun 7 06:10:01 PDT 2020,128.111.45.161,116.600000
457,1591535701,Sun Jun 7 06:15:01 PDT 2020,128.111.45.161,116.600000
458,1591536001,Sun Jun 7 06:20:01 PDT 2020,128.111.45.161,116.600000
459,1591536301,Sun Jun 7 06:25:01 PDT 2020,128.111.45.161,141.800000
460,1591536601,Sun Jun 7 06:30:01 PDT 2020,128.111.45.161,116.600000
461,1591536901,Sun Jun 7 06:35:01 PDT 2020,128.111.45.161,116.600000
462,1591537201,Sun Jun 7 06:40:01 PDT 2020,128.111.45.161,116.600000
463,1591537501,Sun Jun 7 06:45:01 PDT 2020,128.111.45.161,116.600000
464,1591537801,Sun Jun 7 06:50:01 PDT 2020,128.111.45.161,118.400000
465,1591538101,Sun Jun 7 06:55:01 PDT 2020,128.111.45.161,114.800000
466,1591538401,Sun Jun 7 07:00:01 PDT 2020,128.111.45.161,118.400000
467,1591538701,Sun Jun 7 07:05:01 PDT 2020,128.111.45.161,116.600000
468,1591539002,Sun Jun 7 07:10:02 PDT 2020,128.111.45.161,116.600000
469,1591539301,Sun Jun 7 07:15:01 PDT 2020,128.111.45.161,120.200000
470,1591539601,Sun Jun 7 07:20:01 PDT 2020,128.111.45.161,114.800000
471,1591539901,Sun Jun 7 07:25:01 PDT 2020,128.111.45.161,118.400000
472,1591540201,Sun Jun 7 07:30:01 PDT 2020,128.111.45.161,118.400000
473,1591540501,Sun Jun 7 07:35:01 PDT 2020,128.111.45.161,116.600000
474,1591540801,Sun Jun 7 07:40:01 PDT 2020,128.111.45.161,114.800000
475,1591541101,Sun Jun 7 07:45:01 PDT 2020,128.111.45.161,116.600000
476,1591541401,Sun Jun 7 07:50:01 PDT 2020,128.111.45.161,116.600000
477,1591541701,Sun Jun 7 07:55:01 PDT 2020,128.111.45.161,116.600000
478,1591542001,Sun Jun 7 08:00:01 PDT 2020,128.111.45.161,114.800000
479,1591542301,Sun Jun 7 08:05:01 PDT 2020,128.111.45.161,116.600000
480,1591542601,Sun Jun 7 08:10:01 PDT 2020,128.111.45.161,116.600000
481,1591542901,Sun Jun 7 08:15:01 PDT 2020,128.111.45.161,116.600000
482,1591543201,Sun Jun 7 08:20:01 PDT 2020,128.111.45.161,114.800000
483,1591543501,Sun Jun 7 08:25:01 PDT 2020,128.111.45.161,116.600000
484,1591543802,Sun Jun 7 08:30:02 PDT 2020,128.111.45.161,116.600000
485,1591544101,Sun Jun 7 08:35:01 PDT 2020,128.111.45.161,114.800000
486,1591544401,Sun Jun 7 08:40:01 PDT 2020,128.111.45.161,118.400000
487,1591544701,Sun Jun 7 08:45:01 PDT 2020,128.111.45.161,116.600000
488,1591545001,Sun Jun 7 08:50:01 PDT 2020,128.111.45.161,116.600000
489,1591545301,Sun Jun 7 08:55:01 PDT 2020,128.111.45.161,116.600000
490,1591545601,Sun Jun 7 09:00:01 PDT 2020,128.111.45.161,118.400000
491,1591545901,Sun Jun 7 09:05:01 PDT 2020,128.111.45.161,116.600000
492,1591546201,Sun Jun 7 09:10:01 PDT 2020,128.111.45.161,122.000000
493,1591546501,Sun Jun 7 09:15:01 PDT 2020,128.111.45.161,116.600000
494,1591546801,Sun Jun 7 09:20:01 PDT 2020,128.111.45.161,116.600000
495,1591547101,Sun Jun 7 09:25:01 PDT 2020,128.111.45.161,116.600000
496,1591547401,Sun Jun 7 09:30:01 PDT 2020,128.111.45.161,118.400000
497,1591547701,Sun Jun 7 09:35:01 PDT 2020,128.111.45.161,116.600000
498,1591548001,Sun Jun 7 09:40:01 PDT 2020,128.111.45.161,116.600000
499,1591548301,Sun Jun 7 09:45:01 PDT 2020,128.111.45.161,116.600000
500,1591548601,Sun Jun 7 09:50:01 PDT 2020,128.111.45.161,116.600000
501,1591548901,Sun Jun 7 09:55:01 PDT 2020,128.111.45.161,116.600000
502,1591549201,Sun Jun 7 10:00:01 PDT 2020,128.111.45.161,114.800000
503,1591549501,Sun Jun 7 10:05:01 PDT 2020,128.111.45.161,116.600000
504,1591549801,Sun Jun 7 10:10:01 PDT 2020,128.111.45.161,116.600000
505,1591550101,Sun Jun 7 10:15:01 PDT 2020,128.111.45.161,116.600000
506,1591550401,Sun Jun 7 10:20:01 PDT 2020,128.111.45.161,116.600000
507,1591550701,Sun Jun 7 10:25:01 PDT 2020,128.111.45.161,114.800000
508,1591551001,Sun Jun 7 10:30:01 PDT 2020,128.111.45.161,118.400000
509,1591551301,Sun Jun 7 10:35:01 PDT 2020,128.111.45.161,114.800000
510,1591551601,Sun Jun 7 10:40:01 PDT 2020,128.111.45.161,116.600000
511,1591551901,Sun Jun 7 10:45:01 PDT 2020,128.111.45.161,114.800000
512,1591552201,Sun Jun 7 10:50:01 PDT 2020,128.111.45.161,114.800000
513,1591552501,Sun Jun 7 10:55:01 PDT 2020,128.111.45.161,116.600000
514,1591552801,Sun Jun 7 11:00:01 PDT 2020,128.111.45.161,118.400000
515,1591553101,Sun Jun 7 11:05:01 PDT 2020,128.111.45.161,116.600000
516,1591553401,Sun Jun 7 11:10:01 PDT 2020,128.111.45.161,114.800000
517,1591553701,Sun Jun 7 11:15:01 PDT 2020,128.111.45.161,116.600000
518,1591554001,Sun Jun 7 11:20:01 PDT 2020,128.111.45.161,116.600000
519,1591554302,Sun Jun 7 11:25:02 PDT 2020,128.111.45.161,114.800000
520,1591554601,Sun Jun 7 11:30:01 PDT 2020,128.111.45.161,120.200000
521,1591554901,Sun Jun 7 11:35:01 PDT 2020,128.111.45.161,116.600000
522,1591555201,Sun Jun 7 11:40:01 PDT 2020,128.111.45.161,116.600000
523,1591555501,Sun Jun 7 11:45:01 PDT 2020,128.111.45.161,118.400000
524,1591555801,Sun Jun 7 11:50:01 PDT 2020,128.111.45.161,118.400000
525,1591556101,Sun Jun 7 11:55:01 PDT 2020,128.111.45.161,116.600000
526,1591556401,Sun Jun 7 12:00:01 PDT 2020,128.111.45.161,116.600000
527,1591556701,Sun Jun 7 12:05:01 PDT 2020,128.111.45.161,120.200000
528,1591557001,Sun Jun 7 12:10:01 PDT 2020,128.111.45.161,116.600000
529,1591557301,Sun Jun 7 12:15:01 PDT 2020,128.111.45.161,116.600000
530,1591557601,Sun Jun 7 12:20:01 PDT 2020,128.111.45.161,116.600000
531,1591557901,Sun Jun 7 12:25:01 PDT 2020,128.111.45.161,116.600000
532,1591558201,Sun Jun 7 12:30:01 PDT 2020,128.111.45.161,116.600000
533,1591558501,Sun Jun 7 12:35:01 PDT 2020,128.111.45.161,118.400000
534,1591558801,Sun Jun 7 12:40:01 PDT 2020,128.111.45.161,116.600000
535,1591559102,Sun Jun 7 12:45:02 PDT 2020,128.111.45.161,116.600000
536,1591559401,Sun Jun 7 12:50:01 PDT 2020,128.111.45.161,116.600000
537,1591559701,Sun Jun 7 12:55:01 PDT 2020,128.111.45.161,118.400000
538,1591560001,Sun Jun 7 13:00:01 PDT 2020,128.111.45.161,116.600000
539,1591560301,Sun Jun 7 13:05:01 PDT 2020,128.111.45.161,116.600000
540,1591560601,Sun Jun 7 13:10:01 PDT 2020,128.111.45.161,116.600000
541,1591560901,Sun Jun 7 13:15:01 PDT 2020,128.111.45.161,116.600000
542,1591561201,Sun Jun 7 13:20:01 PDT 2020,128.111.45.161,118.400000
543,1591561501,Sun Jun 7 13:25:01 PDT 2020,128.111.45.161,116.600000
544,1591561801,Sun Jun 7 13:30:01 PDT 2020,128.111.45.161,116.600000
545,1591562101,Sun Jun 7 13:35:01 PDT 2020,128.111.45.161,116.600000
546,1591562401,Sun Jun 7 13:40:01 PDT 2020,128.111.45.161,114.800000
547,1591562701,Sun Jun 7 13:45:01 PDT 2020,128.111.45.161,116.600000
548,1591563001,Sun Jun 7 13:50:01 PDT 2020,128.111.45.161,116.600000
549,1591563301,Sun Jun 7 13:55:01 PDT 2020,128.111.45.161,116.600000
550,1591563601,Sun Jun 7 14:00:01 PDT 2020,128.111.45.161,116.600000
551,1591563901,Sun Jun 7 14:05:01 PDT 2020,128.111.45.161,118.400000
552,1591564201,Sun Jun 7 14:10:01 PDT 2020,128.111.45.161,116.600000
553,1591564501,Sun Jun 7 14:15:01 PDT 2020,128.111.45.161,116.600000
554,1591564801,Sun Jun 7 14:20:01 PDT 2020,128.111.45.161,118.400000
555,1591565101,Sun Jun 7 14:25:01 PDT 2020,128.111.45.161,118.400000
556,1591565401,Sun Jun 7 14:30:01 PDT 2020,128.111.45.161,116.600000
557,1591565701,Sun Jun 7 14:35:01 PDT 2020,128.111.45.161,116.600000
558,1591566001,Sun Jun 7 14:40:01 PDT 2020,128.111.45.161,118.400000
559,1591566301,Sun Jun 7 14:45:01 PDT 2020,128.111.45.161,118.400000
560,1591566601,Sun Jun 7 14:50:01 PDT 2020,128.111.45.161,116.600000
561,1591566901,Sun Jun 7 14:55:01 PDT 2020,128.111.45.161,118.400000
562,1591567201,Sun Jun 7 15:00:01 PDT 2020,128.111.45.161,116.600000
563,1591567501,Sun Jun 7 15:05:01 PDT 2020,128.111.45.161,116.600000
564,1591567801,Sun Jun 7 15:10:01 PDT 2020,128.111.45.161,132.800000
565,1591568101,Sun Jun 7 15:15:01 PDT 2020,128.111.45.161,116.600000
566,1591568401,Sun Jun 7 15:20:01 PDT 2020,128.111.45.161,118.400000
567,1591568701,Sun Jun 7 15:25:01 PDT 2020,128.111.45.161,116.600000
568,1591569001,Sun Jun 7 15:30:01 PDT 2020,128.111.45.161,116.600000
569,1591569301,Sun Jun 7 15:35:01 PDT 2020,128.111.45.161,116.600000
570,1591569601,Sun Jun 7 15:40:01 PDT 2020,128.111.45.161,116.600000
571,1591569901,Sun Jun 7 15:45:01 PDT 2020,128.111.45.161,120.200000
572,1591570201,Sun Jun 7 15:50:01 PDT 2020,128.111.45.161,116.600000
573,1591570501,Sun Jun 7 15:55:01 PDT 2020,128.111.45.161,118.400000
574,1591570801,Sun Jun 7 16:00:01 PDT 2020,128.111.45.161,120.200000
575,1591571101,Sun Jun 7 16:05:01 PDT 2020,128.111.45.161,116.600000
576,1591571401,Sun Jun 7 16:10:01 PDT 2020,128.111.45.161,116.600000
577,1591571701,Sun Jun 7 16:15:01 PDT 2020,128.111.45.161,116.600000
578,1591572001,Sun Jun 7 16:20:01 PDT 2020,128.111.45.161,116.600000
579,1591572301,Sun Jun 7 16:25:01 PDT 2020,128.111.45.161,118.400000
580,1591572601,Sun Jun 7 16:30:01 PDT 2020,128.111.45.161,120.200000
581,1591572901,Sun Jun 7 16:35:01 PDT 2020,128.111.45.161,120.200000
582,1591573201,Sun Jun 7 16:40:01 PDT 2020,128.111.45.161,116.600000
583,1591573501,Sun Jun 7 16:45:01 PDT 2020,128.111.45.161,118.400000
584,1591573802,Sun Jun 7 16:50:02 PDT 2020,128.111.45.161,118.400000
585,1591574101,Sun Jun 7 16:55:01 PDT 2020,128.111.45.161,116.600000
586,1591574401,Sun Jun 7 17:00:01 PDT 2020,128.111.45.161,116.600000
587,1591574701,Sun Jun 7 17:05:01 PDT 2020,128.111.45.161,116.600000
588,1591575001,Sun Jun 7 17:10:01 PDT 2020,128.111.45.161,116.600000
589,1591575301,Sun Jun 7 17:15:01 PDT 2020,128.111.45.161,116.600000
590,1591575601,Sun Jun 7 17:20:01 PDT 2020,128.111.45.161,116.600000
591,1591575901,Sun Jun 7 17:25:01 PDT 2020,128.111.45.161,116.600000
592,1591576201,Sun Jun 7 17:30:01 PDT 2020,128.111.45.161,116.600000
593,1591576501,Sun Jun 7 17:35:01 PDT 2020,128.111.45.161,114.800000
594,1591576801,Sun Jun 7 17:40:01 PDT 2020,128.111.45.161,118.400000
595,1591577101,Sun Jun 7 17:45:01 PDT 2020,128.111.45.161,116.600000
596,1591577401,Sun Jun 7 17:50:01 PDT 2020,128.111.45.161,116.600000
597,1591577701,Sun Jun 7 17:55:01 PDT 2020,128.111.45.161,118.400000
598,1591578001,Sun Jun 7 18:00:01 PDT 2020,128.111.45.161,118.400000
599,1591578302,Sun Jun 7 18:05:02 PDT 2020,128.111.45.161,116.600000
600,1591578601,Sun Jun 7 18:10:01 PDT 2020,128.111.45.161,116.600000
601,1591578901,Sun Jun 7 18:15:01 PDT 2020,128.111.45.161,116.600000
602,1591579201,Sun Jun 7 18:20:01 PDT 2020,128.111.45.161,120.200000
603,1591579501,Sun Jun 7 18:25:01 PDT 2020,128.111.45.161,116.600000
604,1591579801,Sun Jun 7 18:30:01 PDT 2020,128.111.45.161,118.400000
605,1591580101,Sun Jun 7 18:35:01 PDT 2020,128.111.45.161,116.600000
606,1591580401,Sun Jun 7 18:40:01 PDT 2020,128.111.45.161,116.600000
607,1591580701,Sun Jun 7 18:45:01 PDT 2020,128.111.45.161,116.600000
608,1591581001,Sun Jun 7 18:50:01 PDT 2020,128.111.45.161,116.600000
609,1591581301,Sun Jun 7 18:55:01 PDT 2020,128.111.45.161,116.600000
610,1591581601,Sun Jun 7 19:00:01 PDT 2020,128.111.45.161,116.600000
611,1591581901,Sun Jun 7 19:05:01 PDT 2020,128.111.45.161,116.600000
612,1591582201,Sun Jun 7 19:10:01 PDT 2020,128.111.45.161,116.600000
613,1591582501,Sun Jun 7 19:15:01 PDT 2020,128.111.45.161,120.200000
614,1591582801,Sun Jun 7 19:20:01 PDT 2020,128.111.45.161,116.600000
615,1591583101,Sun Jun 7 19:25:01 PDT 2020,128.111.45.161,116.600000
616,1591583402,Sun Jun 7 19:30:02 PDT 2020,128.111.45.161,118.400000
617,1591583701,Sun Jun 7 19:35:01 PDT 2020,128.111.45.161,120.200000
618,1591584001,Sun Jun 7 19:40:01 PDT 2020,128.111.45.161,118.400000
619,1591584301,Sun Jun 7 19:45:01 PDT 2020,128.111.45.161,116.600000
620,1591584601,Sun Jun 7 19:50:01 PDT 2020,128.111.45.161,116.600000
621,1591584901,Sun Jun 7 19:55:01 PDT 2020,128.111.45.161,116.600000
622,1591585201,Sun Jun 7 20:00:01 PDT 2020,128.111.45.161,116.600000
623,1591585501,Sun Jun 7 20:05:01 PDT 2020,128.111.45.161,116.600000
624,1591585801,Sun Jun 7 20:10:01 PDT 2020,128.111.45.161,118.400000
625,1591586101,Sun Jun 7 20:15:01 PDT 2020,128.111.45.161,122.000000
626,1591586401,Sun Jun 7 20:20:01 PDT 2020,128.111.45.161,118.400000
627,1591586701,Sun Jun 7 20:25:01 PDT 2020,128.111.45.161,118.400000
628,1591587001,Sun Jun 7 20:30:01 PDT 2020,128.111.45.161,116.600000
629,1591587301,Sun Jun 7 20:35:01 PDT 2020,128.111.45.161,116.600000
630,1591587601,Sun Jun 7 20:40:01 PDT 2020,128.111.45.161,118.400000
631,1591587901,Sun Jun 7 20:45:01 PDT 2020,128.111.45.161,116.600000
632,1591588201,Sun Jun 7 20:50:01 PDT 2020,128.111.45.161,118.400000
633,1591588501,Sun Jun 7 20:55:01 PDT 2020,128.111.45.161,116.600000
634,1591588801,Sun Jun 7 21:00:01 PDT 2020,128.111.45.161,118.400000
635,1591589101,Sun Jun 7 21:05:01 PDT 2020,128.111.45.161,118.400000
636,1591589401,Sun Jun 7 21:10:01 PDT 2020,128.111.45.161,116.600000
637,1591589701,Sun Jun 7 21:15:01 PDT 2020,128.111.45.161,116.600000
638,1591590001,Sun Jun 7 21:20:01 PDT 2020,128.111.45.161,116.600000
639,1591590301,Sun Jun 7 21:25:01 PDT 2020,128.111.45.161,116.600000
640,1591590601,Sun Jun 7 21:30:01 PDT 2020,128.111.45.161,118.400000
641,1591590901,Sun Jun 7 21:35:01 PDT 2020,128.111.45.161,116.600000
642,1591591201,Sun Jun 7 21:40:01 PDT 2020,128.111.45.161,116.600000
643,1591591501,Sun Jun 7 21:45:01 PDT 2020,128.111.45.161,116.600000
644,1591591801,Sun Jun 7 21:50:01 PDT 2020,128.111.45.161,116.600000
645,1591592101,Sun Jun 7 21:55:01 PDT 2020,128.111.45.161,118.400000
646,1591592401,Sun Jun 7 22:00:01 PDT 2020,128.111.45.161,116.600000
647,1591592701,Sun Jun 7 22:05:01 PDT 2020,128.111.45.161,118.400000
648,1591593001,Sun Jun 7 22:10:01 PDT 2020,128.111.45.161,118.400000
649,1591593301,Sun Jun 7 22:15:01 PDT 2020,128.111.45.161,116.600000
650,1591593601,Sun Jun 7 22:20:01 PDT 2020,128.111.45.161,118.400000
651,1591593902,Sun Jun 7 22:25:02 PDT 2020,128.111.45.161,116.600000
652,1591594201,Sun Jun 7 22:30:01 PDT 2020,128.111.45.161,116.600000
653,1591594501,Sun Jun 7 22:35:01 PDT 2020,128.111.45.161,118.400000
654,1591594801,Sun Jun 7 22:40:01 PDT 2020,128.111.45.161,120.200000
655,1591595101,Sun Jun 7 22:45:01 PDT 2020,128.111.45.161,116.600000
656,1591595401,Sun Jun 7 22:50:01 PDT 2020,128.111.45.161,116.600000
657,1591595701,Sun Jun 7 22:55:01 PDT 2020,128.111.45.161,116.600000
658,1591596001,Sun Jun 7 23:00:01 PDT 2020,128.111.45.161,116.600000
659,1591596301,Sun Jun 7 23:05:01 PDT 2020,128.111.45.161,127.400000
660,1591596601,Sun Jun 7 23:10:01 PDT 2020,128.111.45.161,116.600000
661,1591596901,Sun Jun 7 23:15:01 PDT 2020,128.111.45.161,116.600000
662,1591597201,Sun Jun 7 23:20:01 PDT 2020,128.111.45.161,118.400000
663,1591597501,Sun Jun 7 23:25:01 PDT 2020,128.111.45.161,118.400000
664,1591597801,Sun Jun 7 23:30:01 PDT 2020,128.111.45.161,116.600000
665,1591598101,Sun Jun 7 23:35:01 PDT 2020,128.111.45.161,116.600000
666,1591598401,Sun Jun 7 23:40:01 PDT 2020,128.111.45.161,118.400000
667,1591598701,Sun Jun 7 23:45:01 PDT 2020,128.111.45.161,116.600000
668,1591599001,Sun Jun 7 23:50:01 PDT 2020,128.111.45.161,116.600000
669,1591599302,Sun Jun 7 23:55:02 PDT 2020,128.111.45.161,116.600000
670,1591599601,Mon Jun 8 00:00:01 PDT 2020,128.111.45.161,123.800000
671,1591599901,Mon Jun 8 00:05:01 PDT 2020,128.111.45.161,116.600000
672,1591600201,Mon Jun 8 00:10:01 PDT 2020,128.111.45.161,116.600000
673,1591600501,Mon Jun 8 00:15:01 PDT 2020,128.111.45.161,118.400000
674,1591600801,Mon Jun 8 00:20:01 PDT 2020,128.111.45.161,116.600000
675,1591601101,Mon Jun 8 00:25:01 PDT 2020,128.111.45.161,118.400000
676,1591601401,Mon Jun 8 00:30:01 PDT 2020,128.111.45.161,118.400000
677,1591601701,Mon Jun 8 00:35:01 PDT 2020,128.111.45.161,116.600000
678,1591602001,Mon Jun 8 00:40:01 PDT 2020,128.111.45.161,116.600000
679,1591602301,Mon Jun 8 00:45:01 PDT 2020,128.111.45.161,118.400000
680,1591602601,Mon Jun 8 00:50:01 PDT 2020,128.111.45.161,122.000000
681,1591602901,Mon Jun 8 00:55:01 PDT 2020,128.111.45.161,116.600000
682,1591603201,Mon Jun 8 01:00:01 PDT 2020,128.111.45.161,118.400000
683,1591603501,Mon Jun 8 01:05:01 PDT 2020,128.111.45.161,118.400000
684,1591603801,Mon Jun 8 01:10:01 PDT 2020,128.111.45.161,116.600000
685,1591604101,Mon Jun 8 01:15:01 PDT 2020,128.111.45.161,116.600000
686,1591604401,Mon Jun 8 01:20:01 PDT 2020,128.111.45.161,116.600000
687,1591604701,Mon Jun 8 01:25:01 PDT 2020,128.111.45.161,118.400000
688,1591605001,Mon Jun 8 01:30:01 PDT 2020,128.111.45.161,118.400000
689,1591605301,Mon Jun 8 01:35:01 PDT 2020,128.111.45.161,118.400000
690,1591605601,Mon Jun 8 01:40:01 PDT 2020,128.111.45.161,116.600000
691,1591605901,Mon Jun 8 01:45:01 PDT 2020,128.111.45.161,116.600000
692,1591606201,Mon Jun 8 01:50:01 PDT 2020,128.111.45.161,116.600000
693,1591606501,Mon Jun 8 01:55:01 PDT 2020,128.111.45.161,116.600000
694,1591606801,Mon Jun 8 02:00:01 PDT 2020,128.111.45.161,118.400000
695,1591607101,Mon Jun 8 02:05:01 PDT 2020,128.111.45.161,118.400000
696,1591607401,Mon Jun 8 02:10:01 PDT 2020,128.111.45.161,116.600000
697,1591607701,Mon Jun 8 02:15:01 PDT 2020,128.111.45.161,116.600000
698,1591608001,Mon Jun 8 02:20:01 PDT 2020,128.111.45.161,116.600000
699,1591608301,Mon Jun 8 02:25:01 PDT 2020,128.111.45.161,120.200000
700,1591608601,Mon Jun 8 02:30:01 PDT 2020,128.111.45.161,118.400000
701,1591608901,Mon Jun 8 02:35:01 PDT 2020,128.111.45.161,116.600000
702,1591609201,Mon Jun 8 02:40:01 PDT 2020,128.111.45.161,118.400000
703,1591609502,Mon Jun 8 02:45:02 PDT 2020,128.111.45.161,118.400000
704,1591609801,Mon Jun 8 02:50:01 PDT 2020,128.111.45.161,118.400000
705,1591610101,Mon Jun 8 02:55:01 PDT 2020,128.111.45.161,118.400000
706,1591610401,Mon Jun 8 03:00:01 PDT 2020,128.111.45.161,118.400000
707,1591610701,Mon Jun 8 03:05:01 PDT 2020,128.111.45.161,116.600000
708,1591611001,Mon Jun 8 03:10:01 PDT 2020,128.111.45.161,116.600000
709,1591611301,Mon Jun 8 03:15:01 PDT 2020,128.111.45.161,132.800000
710,1591611601,Mon Jun 8 03:20:01 PDT 2020,128.111.45.161,116.600000
711,1591611901,Mon Jun 8 03:25:01 PDT 2020,128.111.45.161,116.600000
712,1591612201,Mon Jun 8 03:30:01 PDT 2020,128.111.45.161,116.600000
713,1591612501,Mon Jun 8 03:35:01 PDT 2020,128.111.45.161,116.600000
714,1591612801,Mon Jun 8 03:40:01 PDT 2020,128.111.45.161,123.800000
715,1591613101,Mon Jun 8 03:45:01 PDT 2020,128.111.45.161,116.600000
716,1591613401,Mon Jun 8 03:50:01 PDT 2020,128.111.45.161,120.200000
717,1591613702,Mon Jun 8 03:55:02 PDT 2020,128.111.45.161,116.600000
718,1591614001,Mon Jun 8 04:00:01 PDT 2020,128.111.45.161,122.000000
719,1591614301,Mon Jun 8 04:05:01 PDT 2020,128.111.45.161,116.600000
720,1591614601,Mon Jun 8 04:10:01 PDT 2020,128.111.45.161,116.600000
721,1591614901,Mon Jun 8 04:15:01 PDT 2020,128.111.45.161,116.600000
722,1591615201,Mon Jun 8 04:20:01 PDT 2020,128.111.45.161,118.400000
723,1591615501,Mon Jun 8 04:25:01 PDT 2020,128.111.45.161,114.800000
724,1591615801,Mon Jun 8 04:30:01 PDT 2020,128.111.45.161,118.400000
725,1591616101,Mon Jun 8 04:35:01 PDT 2020,128.111.45.161,114.800000
726,1591616401,Mon Jun 8 04:40:01 PDT 2020,128.111.45.161,116.600000
727,1591616701,Mon Jun 8 04:45:01 PDT 2020,128.111.45.161,118.400000
728,1591617001,Mon Jun 8 04:50:01 PDT 2020,128.111.45.161,118.400000
729,1591617301,Mon Jun 8 04:55:01 PDT 2020,128.111.45.161,116.600000
730,1591617601,Mon Jun 8 05:00:01 PDT 2020,128.111.45.161,116.600000
731,1591617901,Mon Jun 8 05:05:01 PDT 2020,128.111.45.161,116.600000
732,1591618201,Mon Jun 8 05:10:01 PDT 2020,128.111.45.161,116.600000
733,1591618502,Mon Jun 8 05:15:02 PDT 2020,128.111.45.161,116.600000
734,1591618801,Mon Jun 8 05:20:01 PDT 2020,128.111.45.161,116.600000
735,1591619101,Mon Jun 8 05:25:01 PDT 2020,128.111.45.161,116.600000
736,1591619401,Mon Jun 8 05:30:01 PDT 2020,128.111.45.161,120.200000
737,1591619701,Mon Jun 8 05:35:01 PDT 2020,128.111.45.161,116.600000
738,1591620001,Mon Jun 8 05:40:01 PDT 2020,128.111.45.161,118.400000
739,1591620301,Mon Jun 8 05:45:01 PDT 2020,128.111.45.161,116.600000
740,1591620601,Mon Jun 8 05:50:01 PDT 2020,128.111.45.161,116.600000
741,1591620901,Mon Jun 8 05:55:01 PDT 2020,128.111.45.161,116.600000
742,1591621201,Mon Jun 8 06:00:01 PDT 2020,128.111.45.161,116.600000
743,1591621501,Mon Jun 8 06:05:01 PDT 2020,128.111.45.161,118.400000
744,1591621801,Mon Jun 8 06:10:01 PDT 2020,128.111.45.161,116.600000
745,1591622101,Mon Jun 8 06:15:01 PDT 2020,128.111.45.161,116.600000
746,1591622401,Mon Jun 8 06:20:01 PDT 2020,128.111.45.161,114.800000
747,1591622701,Mon Jun 8 06:25:01 PDT 2020,128.111.45.161,114.800000
748,1591623001,Mon Jun 8 06:30:01 PDT 2020,128.111.45.161,116.600000
749,1591623301,Mon Jun 8 06:35:01 PDT 2020,128.111.45.161,116.600000
750,1591623601,Mon Jun 8 06:40:01 PDT 2020,128.111.45.161,116.600000
751,1591623901,Mon Jun 8 06:45:01 PDT 2020,128.111.45.161,116.600000
752,1591624201,Mon Jun 8 06:50:01 PDT 2020,128.111.45.161,116.600000
753,1591624501,Mon Jun 8 06:55:01 PDT 2020,128.111.45.161,116.600000
754,1591624801,Mon Jun 8 07:00:01 PDT 2020,128.111.45.161,116.600000
755,1591625101,Mon Jun 8 07:05:01 PDT 2020,128.111.45.161,118.400000
756,1591625401,Mon Jun 8 07:10:01 PDT 2020,128.111.45.161,118.400000
757,1591625701,Mon Jun 8 07:15:01 PDT 2020,128.111.45.161,114.800000
758,1591626001,Mon Jun 8 07:20:01 PDT 2020,128.111.45.161,114.800000
759,1591626301,Mon Jun 8 07:25:01 PDT 2020,128.111.45.161,120.200000
760,1591626601,Mon Jun 8 07:30:01 PDT 2020,128.111.45.161,118.400000
761,1591626901,Mon Jun 8 07:35:01 PDT 2020,128.111.45.161,114.800000
762,1591627201,Mon Jun 8 07:40:01 PDT 2020,128.111.45.161,116.600000
763,1591627501,Mon Jun 8 07:45:01 PDT 2020,128.111.45.161,116.600000
764,1591627801,Mon Jun 8 07:50:01 PDT 2020,128.111.45.161,116.600000
765,1591628101,Mon Jun 8 07:55:01 PDT 2020,128.111.45.161,116.600000
766,1591628402,Mon Jun 8 08:00:02 PDT 2020,128.111.45.161,114.800000
767,1591628701,Mon Jun 8 08:05:01 PDT 2020,128.111.45.161,114.800000
768,1591629001,Mon Jun 8 08:10:01 PDT 2020,128.111.45.161,114.800000
769,1591629301,Mon Jun 8 08:15:01 PDT 2020,128.111.45.161,118.400000
770,1591629601,Mon Jun 8 08:20:01 PDT 2020,128.111.45.161,118.400000
771,1591629901,Mon Jun 8 08:25:01 PDT 2020,128.111.45.161,116.600000
772,1591630201,Mon Jun 8 08:30:01 PDT 2020,128.111.45.161,118.400000
773,1591630501,Mon Jun 8 08:35:01 PDT 2020,128.111.45.161,116.600000
774,1591630801,Mon Jun 8 08:40:01 PDT 2020,128.111.45.161,116.600000
775,1591631101,Mon Jun 8 08:45:01 PDT 2020,128.111.45.161,116.600000
776,1591631401,Mon Jun 8 08:50:01 PDT 2020,128.111.45.161,118.400000
777,1591631701,Mon Jun 8 08:55:01 PDT 2020,128.111.45.161,116.600000
778,1591632001,Mon Jun 8 09:00:01 PDT 2020,128.111.45.161,118.400000
779,1591632301,Mon Jun 8 09:05:01 PDT 2020,128.111.45.161,116.600000
780,1591632601,Mon Jun 8 09:10:01 PDT 2020,128.111.45.161,116.600000
781,1591632901,Mon Jun 8 09:15:01 PDT 2020,128.111.45.161,116.600000
782,1591633201,Mon Jun 8 09:20:01 PDT 2020,128.111.45.161,118.400000
783,1591633501,Mon Jun 8 09:25:01 PDT 2020,128.111.45.161,116.600000
784,1591633801,Mon Jun 8 09:30:01 PDT 2020,128.111.45.161,116.600000
785,1591634101,Mon Jun 8 09:35:01 PDT 2020,128.111.45.161,116.600000
786,1591634401,Mon Jun 8 09:40:01 PDT 2020,128.111.45.161,114.800000
787,1591634701,Mon Jun 8 09:45:01 PDT 2020,128.111.45.161,116.600000
788,1591635001,Mon Jun 8 09:50:01 PDT 2020,128.111.45.161,116.600000
789,1591635301,Mon Jun 8 09:55:01 PDT 2020,128.111.45.161,118.400000
790,1591635601,Mon Jun 8 10:00:01 PDT 2020,128.111.45.161,116.600000
791,1591635901,Mon Jun 8 10:05:01 PDT 2020,128.111.45.161,114.800000
792,1591636201,Mon Jun 8 10:10:01 PDT 2020,128.111.45.161,116.600000
793,1591636501,Mon Jun 8 10:15:01 PDT 2020,128.111.45.161,118.400000
794,1591636801,Mon Jun 8 10:20:01 PDT 2020,128.111.45.161,116.600000
795,1591637101,Mon Jun 8 10:25:01 PDT 2020,128.111.45.161,116.600000
796,1591637401,Mon Jun 8 10:30:01 PDT 2020,128.111.45.161,116.600000
797,1591637701,Mon Jun 8 10:35:01 PDT 2020,128.111.45.161,120.200000
798,1591638001,Mon Jun 8 10:40:01 PDT 2020,128.111.45.161,118.400000
799,1591638301,Mon Jun 8 10:45:01 PDT 2020,128.111.45.161,116.600000
800,1591638601,Mon Jun 8 10:50:01 PDT 2020,128.111.45.161,116.600000
801,1591638901,Mon Jun 8 10:55:01 PDT 2020,128.111.45.161,118.400000
802,1591639201,Mon Jun 8 11:00:01 PDT 2020,128.111.45.161,116.600000
803,1591639502,Mon Jun 8 11:05:02 PDT 2020,128.111.45.161,118.400000
804,1591639801,Mon Jun 8 11:10:01 PDT 2020,128.111.45.161,116.600000
805,1591640101,Mon Jun 8 11:15:01 PDT 2020,128.111.45.161,116.600000
806,1591640401,Mon Jun 8 11:20:01 PDT 2020,128.111.45.161,118.400000
807,1591640701,Mon Jun 8 11:25:01 PDT 2020,128.111.45.161,116.600000
808,1591641001,Mon Jun 8 11:30:01 PDT 2020,128.111.45.161,116.600000
809,1591641301,Mon Jun 8 11:35:01 PDT 2020,128.111.45.161,116.600000
810,1591641601,Mon Jun 8 11:40:01 PDT 2020,128.111.45.161,114.800000
811,1591641901,Mon Jun 8 11:45:01 PDT 2020,128.111.45.161,120.200000
812,1591642201,Mon Jun 8 11:50:01 PDT 2020,128.111.45.161,114.800000
813,1591642501,Mon Jun 8 11:55:01 PDT 2020,128.111.45.161,120.200000
814,1591642801,Mon Jun 8 12:00:01 PDT 2020,128.111.45.161,122.000000
815,1591643101,Mon Jun 8 12:05:01 PDT 2020,128.111.45.161,114.800000
816,1591643401,Mon Jun 8 12:10:01 PDT 2020,128.111.45.161,116.600000
817,1591643701,Mon Jun 8 12:15:01 PDT 2020,128.111.45.161,116.600000
818,1591644001,Mon Jun 8 12:20:01 PDT 2020,128.111.45.161,114.800000
819,1591644301,Mon Jun 8 12:25:01 PDT 2020,128.111.45.161,116.600000
820,1591644601,Mon Jun 8 12:30:01 PDT 2020,128.111.45.161,116.600000
821,1591644902,Mon Jun 8 12:35:02 PDT 2020,128.111.45.161,118.400000
822,1591645201,Mon Jun 8 12:40:01 PDT 2020,128.111.45.161,116.600000
823,1591645501,Mon Jun 8 12:45:01 PDT 2020,128.111.45.161,116.600000
824,1591645801,Mon Jun 8 12:50:01 PDT 2020,128.111.45.161,116.600000
825,1591646101,Mon Jun 8 12:55:01 PDT 2020,128.111.45.161,114.800000
826,1591646401,Mon Jun 8 13:00:01 PDT 2020,128.111.45.161,114.800000
827,1591646701,Mon Jun 8 13:05:01 PDT 2020,128.111.45.161,116.600000
828,1591647001,Mon Jun 8 13:10:01 PDT 2020,128.111.45.161,114.800000
829,1591647301,Mon Jun 8 13:15:01 PDT 2020,128.111.45.161,116.600000
830,1591647601,Mon Jun 8 13:20:01 PDT 2020,128.111.45.161,116.600000
831,1591647901,Mon Jun 8 13:25:01 PDT 2020,128.111.45.161,118.400000
832,1591648201,Mon Jun 8 13:30:01 PDT 2020,128.111.45.161,116.600000
833,1591648501,Mon Jun 8 13:35:01 PDT 2020,128.111.45.161,116.600000
834,1591648801,Mon Jun 8 13:40:01 PDT 2020,128.111.45.161,114.800000
835,1591649101,Mon Jun 8 13:45:01 PDT 2020,128.111.45.161,116.600000
836,1591649401,Mon Jun 8 13:50:01 PDT 2020,128.111.45.161,114.800000
837,1591649701,Mon Jun 8 13:55:01 PDT 2020,128.111.45.161,116.600000
838,1591650001,Mon Jun 8 14:00:01 PDT 2020,128.111.45.161,116.600000
839,1591650301,Mon Jun 8 14:05:01 PDT 2020,128.111.45.161,116.600000
840,1591650602,Mon Jun 8 14:10:02 PDT 2020,128.111.45.161,116.600000
841,1591650901,Mon Jun 8 14:15:01 PDT 2020,128.111.45.161,116.600000
842,1591651201,Mon Jun 8 14:20:01 PDT 2020,128.111.45.161,116.600000
843,1591651501,Mon Jun 8 14:25:01 PDT 2020,128.111.45.161,116.600000
844,1591651801,Mon Jun 8 14:30:01 PDT 2020,128.111.45.161,116.600000
845,1591652101,Mon Jun 8 14:35:01 PDT 2020,128.111.45.161,118.400000
846,1591652401,Mon Jun 8 14:40:01 PDT 2020,128.111.45.161,116.600000
847,1591652701,Mon Jun 8 14:45:01 PDT 2020,128.111.45.161,116.600000
848,1591653001,Mon Jun 8 14:50:01 PDT 2020,128.111.45.161,116.600000
849,1591653301,Mon Jun 8 14:55:01 PDT 2020,128.111.45.161,116.600000
850,1591653601,Mon Jun 8 15:00:01 PDT 2020,128.111.45.161,116.600000
851,1591653901,Mon Jun 8 15:05:01 PDT 2020,128.111.45.161,116.600000
852,1591654201,Mon Jun 8 15:10:01 PDT 2020,128.111.45.161,116.600000
853,1591654501,Mon Jun 8 15:15:01 PDT 2020,128.111.45.161,116.600000
854,1591654801,Mon Jun 8 15:20:01 PDT 2020,128.111.45.161,118.400000
855,1591655101,Mon Jun 8 15:25:01 PDT 2020,128.111.45.161,118.400000
856,1591655401,Mon Jun 8 15:30:01 PDT 2020,128.111.45.161,118.400000
857,1591655701,Mon Jun 8 15:35:01 PDT 2020,128.111.45.161,118.400000
858,1591656001,Mon Jun 8 15:40:01 PDT 2020,128.111.45.161,116.600000
859,1591656302,Mon Jun 8 15:45:02 PDT 2020,128.111.45.161,116.600000
860,1591656601,Mon Jun 8 15:50:01 PDT 2020,128.111.45.161,118.400000
861,1591656901,Mon Jun 8 15:55:01 PDT 2020,128.111.45.161,116.600000
862,1591657201,Mon Jun 8 16:00:01 PDT 2020,128.111.45.161,116.600000
863,1591657501,Mon Jun 8 16:05:01 PDT 2020,128.111.45.161,116.600000
864,1591657801,Mon Jun 8 16:10:01 PDT 2020,128.111.45.161,116.600000
865,1591658101,Mon Jun 8 16:15:01 PDT 2020,128.111.45.161,116.600000
866,1591658401,Mon Jun 8 16:20:01 PDT 2020,128.111.45.161,116.600000
867,1591658701,Mon Jun 8 16:25:01 PDT 2020,128.111.45.161,118.400000
868,1591659001,Mon Jun 8 16:30:01 PDT 2020,128.111.45.161,116.600000
869,1591659301,Mon Jun 8 16:35:01 PDT 2020,128.111.45.161,116.600000
870,1591659601,Mon Jun 8 16:40:01 PDT 2020,128.111.45.161,116.600000
871,1591659901,Mon Jun 8 16:45:01 PDT 2020,128.111.45.161,116.600000
872,1591660201,Mon Jun 8 16:50:01 PDT 2020,128.111.45.161,116.600000
873,1591660501,Mon Jun 8 16:55:01 PDT 2020,128.111.45.161,116.600000
874,1591660801,Mon Jun 8 17:00:01 PDT 2020,128.111.45.161,116.600000
875,1591661101,Mon Jun 8 17:05:01 PDT 2020,128.111.45.161,116.600000
876,1591661401,Mon Jun 8 17:10:01 PDT 2020,128.111.45.161,116.600000
877,1591661701,Mon Jun 8 17:15:01 PDT 2020,128.111.45.161,116.600000
878,1591662002,Mon Jun 8 17:20:02 PDT 2020,128.111.45.161,116.600000
879,1591662301,Mon Jun 8 17:25:01 PDT 2020,128.111.45.161,116.600000
880,1591662601,Mon Jun 8 17:30:01 PDT 2020,128.111.45.161,116.600000
881,1591662901,Mon Jun 8 17:35:01 PDT 2020,128.111.45.161,116.600000
882,1591663201,Mon Jun 8 17:40:01 PDT 2020,128.111.45.161,116.600000
883,1591663501,Mon Jun 8 17:45:01 PDT 2020,128.111.45.161,118.400000
884,1591663801,Mon Jun 8 17:50:01 PDT 2020,128.111.45.161,116.600000
885,1591664101,Mon Jun 8 17:55:01 PDT 2020,128.111.45.161,116.600000
886,1591664401,Mon Jun 8 18:00:01 PDT 2020,128.111.45.161,116.600000
887,1591664701,Mon Jun 8 18:05:01 PDT 2020,128.111.45.161,116.600000
888,1591665001,Mon Jun 8 18:10:01 PDT 2020,128.111.45.161,116.600000
889,1591665301,Mon Jun 8 18:15:01 PDT 2020,128.111.45.161,118.400000
890,1591665601,Mon Jun 8 18:20:01 PDT 2020,128.111.45.161,118.400000
891,1591665901,Mon Jun 8 18:25:01 PDT 2020,128.111.45.161,116.600000
892,1591666201,Mon Jun 8 18:30:01 PDT 2020,128.111.45.161,116.600000
893,1591666501,Mon Jun 8 18:35:01 PDT 2020,128.111.45.161,116.600000
894,1591666801,Mon Jun 8 18:40:01 PDT 2020,128.111.45.161,116.600000
895,1591667101,Mon Jun 8 18:45:01 PDT 2020,128.111.45.161,116.600000
896,1591667401,Mon Jun 8 18:50:01 PDT 2020,128.111.45.161,116.600000
897,1591667701,Mon Jun 8 18:55:01 PDT 2020,128.111.45.161,116.600000
898,1591668002,Mon Jun 8 19:00:02 PDT 2020,128.111.45.161,118.400000
899,1591668301,Mon Jun 8 19:05:01 PDT 2020,128.111.45.161,116.600000
900,1591668601,Mon Jun 8 19:10:01 PDT 2020,128.111.45.161,118.400000
901,1591668901,Mon Jun 8 19:15:01 PDT 2020,128.111.45.161,116.600000
902,1591669201,Mon Jun 8 19:20:01 PDT 2020,128.111.45.161,114.800000
903,1591669501,Mon Jun 8 19:25:01 PDT 2020,128.111.45.161,116.600000
904,1591669801,Mon Jun 8 19:30:01 PDT 2020,128.111.45.161,116.600000
905,1591670101,Mon Jun 8 19:35:01 PDT 2020,128.111.45.161,116.600000
906,1591670401,Mon Jun 8 19:40:01 PDT 2020,128.111.45.161,118.400000
907,1591670701,Mon Jun 8 19:45:01 PDT 2020,128.111.45.161,116.600000
908,1591671001,Mon Jun 8 19:50:01 PDT 2020,128.111.45.161,118.400000
909,1591671301,Mon Jun 8 19:55:01 PDT 2020,128.111.45.161,116.600000
910,1591671601,Mon Jun 8 20:00:01 PDT 2020,128.111.45.161,116.600000
911,1591671901,Mon Jun 8 20:05:01 PDT 2020,128.111.45.161,118.400000
912,1591672201,Mon Jun 8 20:10:01 PDT 2020,128.111.45.161,118.400000
913,1591672501,Mon Jun 8 20:15:01 PDT 2020,128.111.45.161,116.600000
914,1591672801,Mon Jun 8 20:20:01 PDT 2020,128.111.45.161,118.400000
915,1591673101,Mon Jun 8 20:25:01 PDT 2020,128.111.45.161,116.600000
916,1591673401,Mon Jun 8 20:30:01 PDT 2020,128.111.45.161,118.400000
917,1591673701,Mon Jun 8 20:35:01 PDT 2020,128.111.45.161,120.200000
918,1591674002,Mon Jun 8 20:40:02 PDT 2020,128.111.45.161,118.400000
919,1591674301,Mon Jun 8 20:45:01 PDT 2020,128.111.45.161,116.600000
920,1591674601,Mon Jun 8 20:50:01 PDT 2020,128.111.45.161,118.400000
921,1591674901,Mon Jun 8 20:55:01 PDT 2020,128.111.45.161,116.600000
922,1591675201,Mon Jun 8 21:00:01 PDT 2020,128.111.45.161,116.600000
923,1591675501,Mon Jun 8 21:05:01 PDT 2020,128.111.45.161,116.600000
924,1591675801,Mon Jun 8 21:10:01 PDT 2020,128.111.45.161,116.600000
925,1591676101,Mon Jun 8 21:15:01 PDT 2020,128.111.45.161,116.600000
926,1591676401,Mon Jun 8 21:20:01 PDT 2020,128.111.45.161,118.400000
927,1591676701,Mon Jun 8 21:25:01 PDT 2020,128.111.45.161,118.400000
928,1591677001,Mon Jun 8 21:30:01 PDT 2020,128.111.45.161,118.400000
929,1591677301,Mon Jun 8 21:35:01 PDT 2020,128.111.45.161,118.400000
930,1591677601,Mon Jun 8 21:40:01 PDT 2020,128.111.45.161,118.400000
931,1591677901,Mon Jun 8 21:45:01 PDT 2020,128.111.45.161,145.400000
932,1591678201,Mon Jun 8 21:50:01 PDT 2020,128.111.45.161,120.200000
933,1591678501,Mon Jun 8 21:55:01 PDT 2020,128.111.45.161,116.600000
934,1591678802,Mon Jun 8 22:00:02 PDT 2020,128.111.45.161,116.600000
935,1591679101,Mon Jun 8 22:05:01 PDT 2020,128.111.45.161,118.400000
936,1591679401,Mon Jun 8 22:10:01 PDT 2020,128.111.45.161,116.600000
937,1591679701,Mon Jun 8 22:15:01 PDT 2020,128.111.45.161,118.400000
938,1591680001,Mon Jun 8 22:20:01 PDT 2020,128.111.45.161,120.200000
939,1591680301,Mon Jun 8 22:25:01 PDT 2020,128.111.45.161,116.600000
940,1591680601,Mon Jun 8 22:30:01 PDT 2020,128.111.45.161,118.400000
941,1591680901,Mon Jun 8 22:35:01 PDT 2020,128.111.45.161,118.400000
942,1591681201,Mon Jun 8 22:40:01 PDT 2020,128.111.45.161,118.400000
943,1591681501,Mon Jun 8 22:45:01 PDT 2020,128.111.45.161,120.200000
944,1591681801,Mon Jun 8 22:50:01 PDT 2020,128.111.45.161,118.400000
945,1591682101,Mon Jun 8 22:55:01 PDT 2020,128.111.45.161,118.400000
946,1591682401,Mon Jun 8 23:00:01 PDT 2020,128.111.45.161,118.400000
947,1591682701,Mon Jun 8 23:05:01 PDT 2020,128.111.45.161,116.600000
948,1591683001,Mon Jun 8 23:10:01 PDT 2020,128.111.45.161,116.600000
949,1591683301,Mon Jun 8 23:15:01 PDT 2020,128.111.45.161,118.400000
950,1591683601,Mon Jun 8 23:20:01 PDT 2020,128.111.45.161,116.600000
951,1591683901,Mon Jun 8 23:25:01 PDT 2020,128.111.45.161,118.400000
952,1591684201,Mon Jun 8 23:30:01 PDT 2020,128.111.45.161,116.600000
953,1591684501,Mon Jun 8 23:35:01 PDT 2020,128.111.45.161,120.200000
954,1591684802,Mon Jun 8 23:40:02 PDT 2020,128.111.45.161,118.400000
955,1591685101,Mon Jun 8 23:45:01 PDT 2020,128.111.45.161,116.600000
956,1591685401,Mon Jun 8 23:50:01 PDT 2020,128.111.45.161,116.600000
957,1591685701,Mon Jun 8 23:55:01 PDT 2020,128.111.45.161,116.600000
958,1591686001,Tue Jun 9 00:00:01 PDT 2020,128.111.45.161,118.400000
959,1591686301,Tue Jun 9 00:05:01 PDT 2020,128.111.45.161,116.600000
960,1591686601,Tue Jun 9 00:10:01 PDT 2020,128.111.45.161,116.600000
961,1591686901,Tue Jun 9 00:15:01 PDT 2020,128.111.45.161,116.600000
962,1591687201,Tue Jun 9 00:20:01 PDT 2020,128.111.45.161,118.400000
963,1591687501,Tue Jun 9 00:25:01 PDT 2020,128.111.45.161,116.600000
964,1591687801,Tue Jun 9 00:30:01 PDT 2020,128.111.45.161,116.600000
965,1591688101,Tue Jun 9 00:35:01 PDT 2020,128.111.45.161,116.600000
966,1591688401,Tue Jun 9 00:40:01 PDT 2020,128.111.45.161,116.600000
967,1591688701,Tue Jun 9 00:45:01 PDT 2020,128.111.45.161,116.600000
968,1591689001,Tue Jun 9 00:50:01 PDT 2020,128.111.45.161,116.600000
969,1591689301,Tue Jun 9 00:55:01 PDT 2020,128.111.45.161,116.600000
970,1591689601,Tue Jun 9 01:00:01 PDT 2020,128.111.45.161,116.600000
971,1591689901,Tue Jun 9 01:05:01 PDT 2020,128.111.45.161,116.600000
972,1591690201,Tue Jun 9 01:10:01 PDT 2020,128.111.45.161,118.400000
973,1591690502,Tue Jun 9 01:15:02 PDT 2020,128.111.45.161,116.600000
974,1591690801,Tue Jun 9 01:20:01 PDT 2020,128.111.45.161,116.600000
975,1591691101,Tue Jun 9 01:25:01 PDT 2020,128.111.45.161,118.400000
976,1591691401,Tue Jun 9 01:30:01 PDT 2020,128.111.45.161,116.600000
977,1591691701,Tue Jun 9 01:35:01 PDT 2020,128.111.45.161,116.600000
978,1591692001,Tue Jun 9 01:40:01 PDT 2020,128.111.45.161,116.600000
979,1591692301,Tue Jun 9 01:45:01 PDT 2020,128.111.45.161,118.400000
980,1591692601,Tue Jun 9 01:50:01 PDT 2020,128.111.45.161,118.400000
981,1591692901,Tue Jun 9 01:55:01 PDT 2020,128.111.45.161,118.400000
982,1591693201,Tue Jun 9 02:00:01 PDT 2020,128.111.45.161,118.400000
983,1591693501,Tue Jun 9 02:05:01 PDT 2020,128.111.45.161,118.400000
984,1591693801,Tue Jun 9 02:10:01 PDT 2020,128.111.45.161,116.600000
985,1591694101,Tue Jun 9 02:15:01 PDT 2020,128.111.45.161,118.400000
986,1591694401,Tue Jun 9 02:20:01 PDT 2020,128.111.45.161,120.200000
987,1591694701,Tue Jun 9 02:25:01 PDT 2020,128.111.45.161,118.400000
988,1591695001,Tue Jun 9 02:30:01 PDT 2020,128.111.45.161,118.400000
989,1591695301,Tue Jun 9 02:35:01 PDT 2020,128.111.45.161,118.400000
990,1591695601,Tue Jun 9 02:40:01 PDT 2020,128.111.45.161,120.200000
991,1591695901,Tue Jun 9 02:45:01 PDT 2020,128.111.45.161,120.200000
992,1591696201,Tue Jun 9 02:50:01 PDT 2020,128.111.45.161,118.400000
993,1591696502,Tue Jun 9 02:55:02 PDT 2020,128.111.45.161,120.200000
994,1591696801,Tue Jun 9 03:00:01 PDT 2020,128.111.45.161,116.600000
995,1591697101,Tue Jun 9 03:05:01 PDT 2020,128.111.45.161,116.600000
996,1591697401,Tue Jun 9 03:10:01 PDT 2020,128.111.45.161,118.400000
997,1591697701,Tue Jun 9 03:15:01 PDT 2020,128.111.45.161,118.400000
998,1591698001,Tue Jun 9 03:20:01 PDT 2020,128.111.45.161,118.400000
999,1591698301,Tue Jun 9 03:25:01 PDT 2020,128.111.45.161,120.200000
1000,1591698601,Tue Jun 9 03:30:01 PDT 2020,128.111.45.161,116.600000
1001,1591698901,Tue Jun 9 03:35:01 PDT 2020,128.111.45.161,116.600000
1002,1591699201,Tue Jun 9 03:40:01 PDT 2020,128.111.45.161,120.200000
1003,1591699501,Tue Jun 9 03:45:01 PDT 2020,128.111.45.161,118.400000
1004,1591699801,Tue Jun 9 03:50:01 PDT 2020,128.111.45.161,118.400000
1005,1591700101,Tue Jun 9 03:55:01 PDT 2020,128.111.45.161,116.600000
1006,1591700401,Tue Jun 9 04:00:01 PDT 2020,128.111.45.161,118.400000
1007,1591700701,Tue Jun 9 04:05:01 PDT 2020,128.111.45.161,118.400000
1008,1591701001,Tue Jun 9 04:10:01 PDT 2020,128.111.45.161,118.400000
1009,1591701301,Tue Jun 9 04:15:01 PDT 2020,128.111.45.161,120.200000
1010,1591701601,Tue Jun 9 04:20:01 PDT 2020,128.111.45.161,118.400000
1011,1591701901,Tue Jun 9 04:25:01 PDT 2020,128.111.45.161,120.200000
1012,1591702201,Tue Jun 9 04:30:01 PDT 2020,128.111.45.161,118.400000
1013,1591702502,Tue Jun 9 04:35:02 PDT 2020,128.111.45.161,116.600000
1014,1591702801,Tue Jun 9 04:40:01 PDT 2020,128.111.45.161,118.400000
1015,1591703101,Tue Jun 9 04:45:01 PDT 2020,128.111.45.161,120.200000
1016,1591703401,Tue Jun 9 04:50:01 PDT 2020,128.111.45.161,116.600000
1017,1591703701,Tue Jun 9 04:55:01 PDT 2020,128.111.45.161,116.600000
1018,1591704001,Tue Jun 9 05:00:01 PDT 2020,128.111.45.161,118.400000
1019,1591704301,Tue Jun 9 05:05:01 PDT 2020,128.111.45.161,118.400000
1020,1591704601,Tue Jun 9 05:10:01 PDT 2020,128.111.45.161,116.600000
1021,1591704901,Tue Jun 9 05:15:01 PDT 2020,128.111.45.161,116.600000
1022,1591705201,Tue Jun 9 05:20:01 PDT 2020,128.111.45.161,116.600000
1023,1591705501,Tue Jun 9 05:25:01 PDT 2020,128.111.45.161,120.200000
1024,1591705801,Tue Jun 9 05:30:01 PDT 2020,128.111.45.161,116.600000
1025,1591706101,Tue Jun 9 05:35:01 PDT 2020,128.111.45.161,116.600000
1026,1591706401,Tue Jun 9 05:40:01 PDT 2020,128.111.45.161,116.600000
1027,1591706701,Tue Jun 9 05:45:01 PDT 2020,128.111.45.161,116.600000
1028,1591707001,Tue Jun 9 05:50:01 PDT 2020,128.111.45.161,118.400000
1029,1591707301,Tue Jun 9 05:55:01 PDT 2020,128.111.45.161,116.600000
1030,1591707601,Tue Jun 9 06:00:01 PDT 2020,128.111.45.161,118.400000
1031,1591707901,Tue Jun 9 06:05:01 PDT 2020,128.111.45.161,118.400000
1032,1591708201,Tue Jun 9 06:10:01 PDT 2020,128.111.45.161,116.600000
1033,1591708501,Tue Jun 9 06:15:01 PDT 2020,128.111.45.161,116.600000
1034,1591708801,Tue Jun 9 06:20:01 PDT 2020,128.111.45.161,116.600000
1035,1591709101,Tue Jun 9 06:25:01 PDT 2020,128.111.45.161,116.600000
1036,1591709401,Tue Jun 9 06:30:01 PDT 2020,128.111.45.161,118.400000
1037,1591709701,Tue Jun 9 06:35:01 PDT 2020,128.111.45.161,116.600000
1038,1591710001,Tue Jun 9 06:40:01 PDT 2020,128.111.45.161,118.400000
1039,1591710301,Tue Jun 9 06:45:01 PDT 2020,128.111.45.161,149.000000
1040,1591710601,Tue Jun 9 06:50:01 PDT 2020,128.111.45.161,116.600000
1041,1591710901,Tue Jun 9 06:55:01 PDT 2020,128.111.45.161,116.600000
1042,1591711201,Tue Jun 9 07:00:01 PDT 2020,128.111.45.161,116.600000
1043,1591711501,Tue Jun 9 07:05:01 PDT 2020,128.111.45.161,118.400000
1044,1591711801,Tue Jun 9 07:10:01 PDT 2020,128.111.45.161,118.400000
1045,1591712101,Tue Jun 9 07:15:01 PDT 2020,128.111.45.161,116.600000
1046,1591712401,Tue Jun 9 07:20:01 PDT 2020,128.111.45.161,116.600000
1047,1591712702,Tue Jun 9 07:25:02 PDT 2020,128.111.45.161,116.600000
1048,1591713001,Tue Jun 9 07:30:01 PDT 2020,128.111.45.161,116.600000
1049,1591713301,Tue Jun 9 07:35:01 PDT 2020,128.111.45.161,116.600000
1050,1591713601,Tue Jun 9 07:40:01 PDT 2020,128.111.45.161,118.400000
1051,1591713901,Tue Jun 9 07:45:01 PDT 2020,128.111.45.161,120.200000
1052,1591714201,Tue Jun 9 07:50:01 PDT 2020,128.111.45.161,116.600000
1053,1591714501,Tue Jun 9 07:55:01 PDT 2020,128.111.45.161,120.200000
1054,1591714801,Tue Jun 9 08:00:01 PDT 2020,128.111.45.161,116.600000
1055,1591715101,Tue Jun 9 08:05:01 PDT 2020,128.111.45.161,116.600000
1056,1591715401,Tue Jun 9 08:10:01 PDT 2020,128.111.45.161,118.400000
1057,1591715701,Tue Jun 9 08:15:01 PDT 2020,128.111.45.161,120.200000
1058,1591716001,Tue Jun 9 08:20:01 PDT 2020,128.111.45.161,116.600000
1059,1591716301,Tue Jun 9 08:25:01 PDT 2020,128.111.45.161,116.600000
1060,1591716601,Tue Jun 9 08:30:01 PDT 2020,128.111.45.161,116.600000
1061,1591716901,Tue Jun 9 08:35:01 PDT 2020,128.111.45.161,118.400000
1062,1591717201,Tue Jun 9 08:40:01 PDT 2020,128.111.45.161,116.600000
1063,1591717501,Tue Jun 9 08:45:01 PDT 2020,128.111.45.161,116.600000
1064,1591717801,Tue Jun 9 08:50:01 PDT 2020,128.111.45.161,116.600000
1065,1591718101,Tue Jun 9 08:55:01 PDT 2020,128.111.45.161,116.600000
1066,1591718401,Tue Jun 9 09:00:01 PDT 2020,128.111.45.161,116.600000
1067,1591718701,Tue Jun 9 09:05:01 PDT 2020,128.111.45.161,116.600000
1068,1591719001,Tue Jun 9 09:10:01 PDT 2020,128.111.45.161,116.600000
1069,1591719301,Tue Jun 9 09:15:01 PDT 2020,128.111.45.161,116.600000
1070,1591719601,Tue Jun 9 09:20:01 PDT 2020,128.111.45.161,129.200000
1071,1591719901,Tue Jun 9 09:25:01 PDT 2020,128.111.45.161,116.600000
1072,1591720201,Tue Jun 9 09:30:01 PDT 2020,128.111.45.161,116.600000
1073,1591720501,Tue Jun 9 09:35:01 PDT 2020,128.111.45.161,116.600000
1074,1591720801,Tue Jun 9 09:40:01 PDT 2020,128.111.45.161,116.600000
1075,1591721101,Tue Jun 9 09:45:01 PDT 2020,128.111.45.161,116.600000
1076,1591721401,Tue Jun 9 09:50:01 PDT 2020,128.111.45.161,116.600000
1077,1591721701,Tue Jun 9 09:55:01 PDT 2020,128.111.45.161,118.400000
1078,1591722001,Tue Jun 9 10:00:01 PDT 2020,128.111.45.161,118.400000
1079,1591722301,Tue Jun 9 10:05:01 PDT 2020,128.111.45.161,120.200000
1080,1591722601,Tue Jun 9 10:10:01 PDT 2020,128.111.45.161,120.200000
1081,1591722901,Tue Jun 9 10:15:01 PDT 2020,128.111.45.161,120.200000
1082,1591723201,Tue Jun 9 10:20:01 PDT 2020,128.111.45.161,122.000000
1083,1591723501,Tue Jun 9 10:25:01 PDT 2020,128.111.45.161,123.800000
1084,1591723801,Tue Jun 9 10:30:01 PDT 2020,128.111.45.161,118.400000
1085,1591724101,Tue Jun 9 10:35:01 PDT 2020,128.111.45.161,118.400000
1086,1591724401,Tue Jun 9 10:40:01 PDT 2020,128.111.45.161,116.600000
1087,1591724701,Tue Jun 9 10:45:01 PDT 2020,128.111.45.161,116.600000
1088,1591725001,Tue Jun 9 10:50:01 PDT 2020,128.111.45.161,116.600000
1089,1591725301,Tue Jun 9 10:55:01 PDT 2020,128.111.45.161,120.200000
1090,1591725601,Tue Jun 9 11:00:01 PDT 2020,128.111.45.161,118.400000
1091,1591725901,Tue Jun 9 11:05:01 PDT 2020,128.111.45.161,118.400000
1092,1591726201,Tue Jun 9 11:10:01 PDT 2020,128.111.45.161,118.400000
1093,1591726501,Tue Jun 9 11:15:01 PDT 2020,128.111.45.161,120.200000
1094,1591726801,Tue Jun 9 11:20:01 PDT 2020,128.111.45.161,118.400000
1095,1591727101,Tue Jun 9 11:25:01 PDT 2020,128.111.45.161,118.400000
1096,1591727401,Tue Jun 9 11:30:01 PDT 2020,128.111.45.161,118.400000
1097,1591727701,Tue Jun 9 11:35:01 PDT 2020,128.111.45.161,120.200000
1098,1591728001,Tue Jun 9 11:40:01 PDT 2020,128.111.45.161,116.600000
1099,1591728301,Tue Jun 9 11:45:01 PDT 2020,128.111.45.161,118.400000
1100,1591728601,Tue Jun 9 11:50:01 PDT 2020,128.111.45.161,116.600000
1101,1591728901,Tue Jun 9 11:55:01 PDT 2020,128.111.45.161,116.600000
1102,1591729201,Tue Jun 9 12:00:01 PDT 2020,128.111.45.161,118.400000
1103,1591729501,Tue Jun 9 12:05:01 PDT 2020,128.111.45.161,118.400000
1104,1591729801,Tue Jun 9 12:10:01 PDT 2020,128.111.45.161,116.600000
1105,1591729861,Tue Jun 9 12:11:01 PDT 2020,128.111.45.161,118.400000
1106,1591729921,Tue Jun 9 12:12:01 PDT 2020,128.111.45.161,118.400000
1107,1591729981,Tue Jun 9 12:13:01 PDT 2020,128.111.45.161,118.400000
1108,1591730041,Tue Jun 9 12:14:01 PDT 2020,128.111.45.161,116.600000
1109,1591730101,Tue Jun 9 12:15:01 PDT 2020,128.111.45.161,116.600000
1110,1591730161,Tue Jun 9 12:16:01 PDT 2020,128.111.45.161,116.600000
1111,1591730221,Tue Jun 9 12:17:01 PDT 2020,128.111.45.161,118.400000
1112,1591730281,Tue Jun 9 12:18:01 PDT 2020,128.111.45.161,118.400000
1113,1591730342,Tue Jun 9 12:19:02 PDT 2020,128.111.45.161,118.400000
1114,1591730401,Tue Jun 9 12:20:01 PDT 2020,128.111.45.161,118.400000
1115,1591730461,Tue Jun 9 12:21:01 PDT 2020,128.111.45.161,118.400000
1116,1591730521,Tue Jun 9 12:22:01 PDT 2020,128.111.45.161,116.600000
1117,1591730581,Tue Jun 9 12:23:01 PDT 2020,128.111.45.161,116.600000
1118,1591730641,Tue Jun 9 12:24:01 PDT 2020,128.111.45.161,116.600000
1119,1591730701,Tue Jun 9 12:25:01 PDT 2020,128.111.45.161,122.000000
1120,1591730761,Tue Jun 9 12:26:01 PDT 2020,128.111.45.161,118.400000
1121,1591730821,Tue Jun 9 12:27:01 PDT 2020,128.111.45.161,118.400000
1122,1591730881,Tue Jun 9 12:28:01 PDT 2020,128.111.45.161,116.600000
1123,1591730941,Tue Jun 9 12:29:01 PDT 2020,128.111.45.161,120.200000
1124,1591731001,Tue Jun 9 12:30:01 PDT 2020,128.111.45.161,118.400000
1125,1591731061,Tue Jun 9 12:31:01 PDT 2020,128.111.45.161,122.000000
1126,1591731121,Tue Jun 9 12:32:01 PDT 2020,128.111.45.161,120.200000
1127,1591731181,Tue Jun 9 12:33:01 PDT 2020,128.111.45.161,122.000000
1128,1591731241,Tue Jun 9 12:34:01 PDT 2020,128.111.45.161,118.400000
1129,1591731301,Tue Jun 9 12:35:01 PDT 2020,128.111.45.161,118.400000
1130,1591731361,Tue Jun 9 12:36:01 PDT 2020,128.111.45.161,118.400000
1131,1591731421,Tue Jun 9 12:37:01 PDT 2020,128.111.45.161,120.200000
1132,1591731481,Tue Jun 9 12:38:01 PDT 2020,128.111.45.161,116.600000
1133,1591731541,Tue Jun 9 12:39:01 PDT 2020,128.111.45.161,116.600000
1134,1591731601,Tue Jun 9 12:40:01 PDT 2020,128.111.45.161,122.000000
1135,1591731661,Tue Jun 9 12:41:01 PDT 2020,128.111.45.161,122.000000
1136,1591731721,Tue Jun 9 12:42:01 PDT 2020,128.111.45.161,116.600000
1137,1591731781,Tue Jun 9 12:43:01 PDT 2020,128.111.45.161,118.400000
1138,1591731841,Tue Jun 9 12:44:01 PDT 2020,128.111.45.161,116.600000
1139,1591731901,Tue Jun 9 12:45:01 PDT 2020,128.111.45.161,120.200000
1140,1591731961,Tue Jun 9 12:46:01 PDT 2020,128.111.45.161,116.600000
1141,1591732021,Tue Jun 9 12:47:01 PDT 2020,128.111.45.161,118.400000
1142,1591732081,Tue Jun 9 12:48:01 PDT 2020,128.111.45.161,118.400000
1143,1591732141,Tue Jun 9 12:49:01 PDT 2020,128.111.45.161,116.600000
1144,1591732201,Tue Jun 9 12:50:01 PDT 2020,128.111.45.161,116.600000
1145,1591732261,Tue Jun 9 12:51:01 PDT 2020,128.111.45.161,116.600000
1146,1591732321,Tue Jun 9 12:52:01 PDT 2020,128.111.45.161,118.400000
1147,1591732381,Tue Jun 9 12:53:01 PDT 2020,128.111.45.161,120.200000
1148,1591732441,Tue Jun 9 12:54:01 PDT 2020,128.111.45.161,118.400000
1149,1591732501,Tue Jun 9 12:55:01 PDT 2020,128.111.45.161,118.400000
1150,1591732561,Tue Jun 9 12:56:01 PDT 2020,128.111.45.161,122.000000
1151,1591732621,Tue Jun 9 12:57:01 PDT 2020,128.111.45.161,118.400000
1152,1591732681,Tue Jun 9 12:58:01 PDT 2020,128.111.45.161,120.200000
1153,1591732741,Tue Jun 9 12:59:01 PDT 2020,128.111.45.161,123.800000
1154,1591732801,Tue Jun 9 13:00:01 PDT 2020,128.111.45.161,116.600000
1155,1591732862,Tue Jun 9 13:01:02 PDT 2020,128.111.45.161,122.000000
1156,1591732921,Tue Jun 9 13:02:01 PDT 2020,128.111.45.161,118.400000
1157,1591732981,Tue Jun 9 13:03:01 PDT 2020,128.111.45.161,116.600000
1158,1591733041,Tue Jun 9 13:04:01 PDT 2020,128.111.45.161,120.200000
1159,1591733101,Tue Jun 9 13:05:01 PDT 2020,128.111.45.161,120.200000
1160,1591733161,Tue Jun 9 13:06:01 PDT 2020,128.111.45.161,118.400000
1161,1591733221,Tue Jun 9 13:07:01 PDT 2020,128.111.45.161,120.200000
1162,1591733281,Tue Jun 9 13:08:01 PDT 2020,128.111.45.161,120.200000
1163,1591733341,Tue Jun 9 13:09:01 PDT 2020,128.111.45.161,145.400000
1164,1591733401,Tue Jun 9 13:10:01 PDT 2020,128.111.45.161,116.600000
1165,1591733461,Tue Jun 9 13:11:01 PDT 2020,128.111.45.161,118.400000
1166,1591733522,Tue Jun 9 13:12:02 PDT 2020,128.111.45.161,116.600000
1167,1591733581,Tue Jun 9 13:13:01 PDT 2020,128.111.45.161,116.600000
1168,1591733641,Tue Jun 9 13:14:01 PDT 2020,128.111.45.161,118.400000
1169,1591733701,Tue Jun 9 13:15:01 PDT 2020,128.111.45.161,118.400000
1170,1591733761,Tue Jun 9 13:16:01 PDT 2020,128.111.45.161,120.200000
1171,1591733821,Tue Jun 9 13:17:01 PDT 2020,128.111.45.161,116.600000
1172,1591733881,Tue Jun 9 13:18:01 PDT 2020,128.111.45.161,118.400000
1173,1591733941,Tue Jun 9 13:19:01 PDT 2020,128.111.45.161,118.400000
1174,1591734001,Tue Jun 9 13:20:01 PDT 2020,128.111.45.161,116.600000
1175,1591734061,Tue Jun 9 13:21:01 PDT 2020,128.111.45.161,118.400000
1176,1591734121,Tue Jun 9 13:22:01 PDT 2020,128.111.45.161,118.400000
1177,1591734181,Tue Jun 9 13:23:01 PDT 2020,128.111.45.161,118.400000
1178,1591734241,Tue Jun 9 13:24:01 PDT 2020,128.111.45.161,118.400000
1179,1591734301,Tue Jun 9 13:25:01 PDT 2020,128.111.45.161,116.600000
1180,1591734361,Tue Jun 9 13:26:01 PDT 2020,128.111.45.161,116.600000
1181,1591734421,Tue Jun 9 13:27:01 PDT 2020,128.111.45.161,118.400000
1182,1591734481,Tue Jun 9 13:28:01 PDT 2020,128.111.45.161,120.200000
1183,1591734541,Tue Jun 9 13:29:01 PDT 2020,128.111.45.161,116.600000
1184,1591734601,Tue Jun 9 13:30:01 PDT 2020,128.111.45.161,120.200000
1185,1591734661,Tue Jun 9 13:31:01 PDT 2020,128.111.45.161,120.200000
1186,1591734722,Tue Jun 9 13:32:02 PDT 2020,128.111.45.161,118.400000
1187,1591734781,Tue Jun 9 13:33:01 PDT 2020,128.111.45.161,116.600000
1188,1591734841,Tue Jun 9 13:34:01 PDT 2020,128.111.45.161,116.600000
1189,1591734901,Tue Jun 9 13:35:01 PDT 2020,128.111.45.161,120.200000
1190,1591734961,Tue Jun 9 13:36:01 PDT 2020,128.111.45.161,118.400000
1191,1591735021,Tue Jun 9 13:37:01 PDT 2020,128.111.45.161,116.600000
1192,1591735081,Tue Jun 9 13:38:01 PDT 2020,128.111.45.161,118.400000
1193,1591735141,Tue Jun 9 13:39:01 PDT 2020,128.111.45.161,120.200000
1194,1591735201,Tue Jun 9 13:40:01 PDT 2020,128.111.45.161,116.600000
1195,1591735261,Tue Jun 9 13:41:01 PDT 2020,128.111.45.161,116.600000
1196,1591735321,Tue Jun 9 13:42:01 PDT 2020,128.111.45.161,116.600000
1197,1591735381,Tue Jun 9 13:43:01 PDT 2020,128.111.45.161,122.000000
1198,1591735441,Tue Jun 9 13:44:01 PDT 2020,128.111.45.161,120.200000
1199,1591735501,Tue Jun 9 13:45:01 PDT 2020,128.111.45.161,116.600000
1200,1591735561,Tue Jun 9 13:46:01 PDT 2020,128.111.45.161,118.400000
1201,1591735621,Tue Jun 9 13:47:01 PDT 2020,128.111.45.161,118.400000
1202,1591735681,Tue Jun 9 13:48:01 PDT 2020,128.111.45.161,122.000000
1203,1591735741,Tue Jun 9 13:49:01 PDT 2020,128.111.45.161,116.600000
1204,1591735801,Tue Jun 9 13:50:01 PDT 2020,128.111.45.161,116.600000
1205,1591735861,Tue Jun 9 13:51:01 PDT 2020,128.111.45.161,118.400000
1206,1591735921,Tue Jun 9 13:52:01 PDT 2020,128.111.45.161,118.400000
1207,1591735981,Tue Jun 9 13:53:01 PDT 2020,128.111.45.161,118.400000
1208,1591736041,Tue Jun 9 13:54:01 PDT 2020,128.111.45.161,118.400000
1209,1591736101,Tue Jun 9 13:55:01 PDT 2020,128.111.45.161,122.000000
1210,1591736161,Tue Jun 9 13:56:01 PDT 2020,128.111.45.161,118.400000
1211,1591736221,Tue Jun 9 13:57:01 PDT 2020,128.111.45.161,118.400000
1212,1591736281,Tue Jun 9 13:58:01 PDT 2020,128.111.45.161,116.600000
1213,1591736341,Tue Jun 9 13:59:01 PDT 2020,128.111.45.161,118.400000
1214,1591736401,Tue Jun 9 14:00:01 PDT 2020,128.111.45.161,118.400000
1215,1591736461,Tue Jun 9 14:01:01 PDT 2020,128.111.45.161,120.200000
1216,1591736521,Tue Jun 9 14:02:01 PDT 2020,128.111.45.161,118.400000
1217,1591736581,Tue Jun 9 14:03:01 PDT 2020,128.111.45.161,120.200000
1218,1591736641,Tue Jun 9 14:04:01 PDT 2020,128.111.45.161,116.600000
1219,1591736701,Tue Jun 9 14:05:01 PDT 2020,128.111.45.161,120.200000
1220,1591736761,Tue Jun 9 14:06:01 PDT 2020,128.111.45.161,122.000000
1221,1591736821,Tue Jun 9 14:07:01 PDT 2020,128.111.45.161,123.800000
1222,1591736881,Tue Jun 9 14:08:01 PDT 2020,128.111.45.161,118.400000
1223,1591736941,Tue Jun 9 14:09:01 PDT 2020,128.111.45.161,118.400000
1224,1591737001,Tue Jun 9 14:10:01 PDT 2020,128.111.45.161,118.400000
1225,1591737061,Tue Jun 9 14:11:01 PDT 2020,128.111.45.161,120.200000
1226,1591737121,Tue Jun 9 14:12:01 PDT 2020,128.111.45.161,118.400000
1227,1591737181,Tue Jun 9 14:13:01 PDT 2020,128.111.45.161,118.400000
1228,1591737241,Tue Jun 9 14:14:01 PDT 2020,128.111.45.161,120.200000
1229,1591737301,Tue Jun 9 14:15:01 PDT 2020,128.111.45.161,120.200000
1230,1591737361,Tue Jun 9 14:16:01 PDT 2020,128.111.45.161,118.400000
1231,1591737421,Tue Jun 9 14:17:01 PDT 2020,128.111.45.161,116.600000
1232,1591737481,Tue Jun 9 14:18:01 PDT 2020,128.111.45.161,118.400000
1233,1591737541,Tue Jun 9 14:19:01 PDT 2020,128.111.45.161,118.400000
1234,1591737601,Tue Jun 9 14:20:01 PDT 2020,128.111.45.161,118.400000
1235,1591737661,Tue Jun 9 14:21:01 PDT 2020,128.111.45.161,120.200000
1236,1591737721,Tue Jun 9 14:22:01 PDT 2020,128.111.45.161,120.200000
1237,1591737781,Tue Jun 9 14:23:01 PDT 2020,128.111.45.161,118.400000
1238,1591737841,Tue Jun 9 14:24:01 PDT 2020,128.111.45.161,118.400000
1239,1591737901,Tue Jun 9 14:25:01 PDT 2020,128.111.45.161,118.400000
1240,1591737961,Tue Jun 9 14:26:01 PDT 2020,128.111.45.161,118.400000
1241,1591738021,Tue Jun 9 14:27:01 PDT 2020,128.111.45.161,118.400000
1242,1591738081,Tue Jun 9 14:28:01 PDT 2020,128.111.45.161,122.000000
1243,1591738141,Tue Jun 9 14:29:01 PDT 2020,128.111.45.161,120.200000
1244,1591738201,Tue Jun 9 14:30:01 PDT 2020,128.111.45.161,122.000000
1245,1591738261,Tue Jun 9 14:31:01 PDT 2020,128.111.45.161,118.400000
1246,1591738321,Tue Jun 9 14:32:01 PDT 2020,128.111.45.161,122.000000
1247,1591738381,Tue Jun 9 14:33:01 PDT 2020,128.111.45.161,122.000000
1248,1591738442,Tue Jun 9 14:34:02 PDT 2020,128.111.45.161,118.400000
1249,1591738501,Tue Jun 9 14:35:01 PDT 2020,128.111.45.161,123.800000
1250,1591738561,Tue Jun 9 14:36:01 PDT 2020,128.111.45.161,120.200000
1251,1591738621,Tue Jun 9 14:37:01 PDT 2020,128.111.45.161,116.600000
1252,1591738681,Tue Jun 9 14:38:01 PDT 2020,128.111.45.161,118.400000
1253,1591738741,Tue Jun 9 14:39:01 PDT 2020,128.111.45.161,118.400000
1254,1591738801,Tue Jun 9 14:40:01 PDT 2020,128.111.45.161,118.400000
1255,1591738861,Tue Jun 9 14:41:01 PDT 2020,128.111.45.161,118.400000
1256,1591738921,Tue Jun 9 14:42:01 PDT 2020,128.111.45.161,120.200000
1257,1591738981,Tue Jun 9 14:43:01 PDT 2020,128.111.45.161,122.000000
1258,1591739041,Tue Jun 9 14:44:01 PDT 2020,128.111.45.161,120.200000
1259,1591739101,Tue Jun 9 14:45:01 PDT 2020,128.111.45.161,120.200000
1260,1591739161,Tue Jun 9 14:46:01 PDT 2020,128.111.45.161,120.200000
1261,1591739221,Tue Jun 9 14:47:01 PDT 2020,128.111.45.161,118.400000
1262,1591739281,Tue Jun 9 14:48:01 PDT 2020,128.111.45.161,118.400000
1263,1591739341,Tue Jun 9 14:49:01 PDT 2020,128.111.45.161,120.200000
1264,1591739401,Tue Jun 9 14:50:01 PDT 2020,128.111.45.161,120.200000
1265,1591739461,Tue Jun 9 14:51:01 PDT 2020,128.111.45.161,118.400000
1266,1591739521,Tue Jun 9 14:52:01 PDT 2020,128.111.45.161,118.400000
1267,1591739581,Tue Jun 9 14:53:01 PDT 2020,128.111.45.161,116.600000
1268,1591739641,Tue Jun 9 14:54:01 PDT 2020,128.111.45.161,120.200000
1269,1591739701,Tue Jun 9 14:55:01 PDT 2020,128.111.45.161,120.200000
1270,1591739761,Tue Jun 9 14:56:01 PDT 2020,128.111.45.161,118.400000
1271,1591739821,Tue Jun 9 14:57:01 PDT 2020,128.111.45.161,118.400000
1272,1591739881,Tue Jun 9 14:58:01 PDT 2020,128.111.45.161,118.400000
1273,1591739941,Tue Jun 9 14:59:01 PDT 2020,128.111.45.161,118.400000
1274,1591740001,Tue Jun 9 15:00:01 PDT 2020,128.111.45.161,120.200000
1275,1591740061,Tue Jun 9 15:01:01 PDT 2020,128.111.45.161,118.400000
1276,1591740121,Tue Jun 9 15:02:01 PDT 2020,128.111.45.161,118.400000
1277,1591740181,Tue Jun 9 15:03:01 PDT 2020,128.111.45.161,122.000000
1278,1591740241,Tue Jun 9 15:04:01 PDT 2020,128.111.45.161,118.400000
1279,1591740301,Tue Jun 9 15:05:01 PDT 2020,128.111.45.161,118.400000
1280,1591740361,Tue Jun 9 15:06:01 PDT 2020,128.111.45.161,118.400000
1281,1591740421,Tue Jun 9 15:07:01 PDT 2020,128.111.45.161,116.600000
1282,1591740481,Tue Jun 9 15:08:01 PDT 2020,128.111.45.161,118.400000
1283,1591740541,Tue Jun 9 15:09:01 PDT 2020,128.111.45.161,116.600000
1284,1591740601,Tue Jun 9 15:10:01 PDT 2020,128.111.45.161,120.200000
1285,1591740661,Tue Jun 9 15:11:01 PDT 2020,128.111.45.161,116.600000
1286,1591740721,Tue Jun 9 15:12:01 PDT 2020,128.111.45.161,116.600000
1287,1591740782,Tue Jun 9 15:13:02 PDT 2020,128.111.45.161,118.400000
1288,1591740841,Tue Jun 9 15:14:01 PDT 2020,128.111.45.161,122.000000
1289,1591740901,Tue Jun 9 15:15:01 PDT 2020,128.111.45.161,114.800000
